Title,Date
"Riverdale: Season 5: Chapter Ninety-Four: Next to Normal","30/09/21"
"Formula 1: Drive to Survive: Season 3: Down to the Wire","26/09/21"
"Formula 1: Drive to Survive: Season 3: Man On Fire","26/09/21"
"Formula 1: Drive to Survive: Season 3: No Regrets","26/09/21"
"Formula 1: Drive to Survive: Season 3: Guenther's Choice","26/09/21"
"Formula 1: Drive to Survive: Season 3: The Comeback Kid","25/09/21"
"Formula 1: Drive to Survive: Season 3: The End of the Affair","25/09/21"
"Formula 1: Drive to Survive: Season 3: We Need to Talk About Ferrari","25/09/21"
"Formula 1: Drive to Survive: Season 3: Nobody's Fool","25/09/21"
"Formula 1: Drive to Survive: Season 3: Back On Track","25/09/21"
"Formula 1: Drive to Survive: Season 3: Cash Is King","25/09/21"
"Formula 1: Drive to Survive: Season 2: Checkered Flag","24/09/21"
"Kota Factory: Season 2: Control System","24/09/21"
"Kota Factory: Season 2: Reasoning","24/09/21"
"Formula 1: Drive to Survive: Season 2: Blood, Sweat & Tears","24/09/21"
"Formula 1: Drive to Survive: Season 2: Musical Chairs","24/09/21"
"Formula 1: Drive to Survive: Season 2: Seeing Red","24/09/21"
"Formula 1: Drive to Survive: Season 2: Raging Bulls","23/09/21"
"Riverdale: Season 5: Chapter Ninety-Three: Dance of Death","23/09/21"
"Formula 1: Drive to Survive: Season 2: Great Expectations","23/09/21"
"Sex Education: Season 3: Episode 8","22/09/21"
"Sex Education: Season 3: Episode 2","20/09/21"
"Sex Education: Season 3: Episode 1","20/09/21"
"Sex Education: Season 3: Episode 7","20/09/21"
"Sex Education: Season 3: Episode 6","20/09/21"
"Formula 1: Drive to Survive: Season 2: Dark Days","20/09/21"
"Formula 1: Drive to Survive: Season 2: Dogfight","20/09/21"
"Formula 1: Drive to Survive: Season 2: Boiling Point","20/09/21"
"Formula 1: Drive to Survive: Season 2: Lights Out","20/09/21"
"Sex Education: Season 3: Episode 5","19/09/21"
"Sex Education: Season 3: Episode 4","19/09/21"
"Sex Education: Season 3: Episode 3","19/09/21"
"Formula 1: Drive to Survive: Season 1: Crossing the Line","19/09/21"
"Formula 1: Drive to Survive: Season 1: Stars and Stripes","19/09/21"
"Formula 1: Drive to Survive: Season 1: The Next Generation","19/09/21"
"Formula 1: Drive to Survive: Season 1: Keeping Your Head","19/09/21"
"Formula 1: Drive to Survive: Season 1: All or Nothing","19/09/21"
"Formula 1: Drive to Survive: Season 1: Trouble at the Top","17/09/21"
"Formula 1: Drive to Survive: Season 1: The Art of War","17/09/21"
"Formula 1: Drive to Survive: Season 1: Redemption","16/09/21"
"Formula 1: Drive to Survive: Season 1: The King of Spain","16/09/21"
"Formula 1: Drive to Survive: Season 1: All to Play For","16/09/21"
"Schitt's Creek: Season 1: Our Cup Runneth Over","16/09/21"
"Riverdale: Season 5: Chapter Ninety-Two: Band of Brothers","16/09/21"
"Riverdale: Season 5: Chapter Ninety-One: The Pussycats","16/09/21"
"Roohi","12/09/21"
"Money Heist: Part 5: Live Many Lives","03/09/21"
"Money Heist: Part 5: Your Place in Heaven","03/09/21"
"Money Heist: Part 5: Welcome to the Spectacle of Life","03/09/21"
"Money Heist: Part 5: Do You Believe in Reincarnation?","03/09/21"
"Money Heist: Part 5: The End of the Road","03/09/21"
"Money Heist: Part 1: Episode 1","03/09/21"
"Riverdale: Season 5: Chapter Ninety: The Night Gallery","02/09/21"
"Sherlock: Series 1: The Great Game","01/09/21"
"Sherlock: Series 1: The Blind Banker","01/09/21"
"Sherlock: Series 1: A Study in Pink","28/08/21"
"Riverdale: Season 5: Chapter Eighty-Nine: Reservoir Dogs","26/08/21"
"Riverdale: Season 5: Chapter Eighty-Eight: Citizen Lodge","26/08/21"
"The Kissing Booth 3","23/08/21"
"Elite: Season 1: Welcome","22/08/21"
"Prison Playbook: Season 1: Episode 1","22/08/21"
"The Kissing Booth 2","22/08/21"
"Comedy Premium League: Season 1: Episode 4","21/08/21"
"Comedy Premium League: Season 1: Episode 3","21/08/21"
"Comedy Premium League: Season 1: Episode 2","21/08/21"
"Comedy Premium League: Season 1: Episode 1","21/08/21"
"House of Cards: Season 1: Chapter 1","18/08/21"
"House of Cards: Season 1: Chapter 2","18/08/21"
"Dynasty: Season 1: I Hardly Recognized You","18/08/21"
"Fast & Furious Presents: Hobbs & Shaw","18/08/21"
"Riverdale: Season 5: Chapter Eighty-Seven: Strange Bedfellows","13/08/21"
"Kabhi Khushi Kabhie Gham","08/08/21"
"Mimi","29/07/21"
"Ajeeb Daastaans","22/07/21"
"Never Have I Ever: Season 2: ... been a perfect girl","18/07/21"
"Never Have I Ever: Season 2: ... stalked my own mother","18/07/21"
"Never Have I Ever: Season 2: ... been Daisy Buchanan","18/07/21"
"Never Have I Ever: Season 2: ... begged for forgiveness","18/07/21"
"Never Have I Ever: Season 2: ... betrayed a friend","18/07/21"
"Never Have I Ever: Season 2: ... ruined someone's life","17/07/21"
"Never Have I Ever: Season 2: ... had an Indian frenemy","17/07/21"
"Never Have I Ever: Season 2: ... opened a textbook","17/07/21"
"Never Have I Ever: Season 2: ... thrown a rager","17/07/21"
"Never Have I Ever: Season 2: ... been a playa","17/07/21"
"Friends: Season 9: The One with the Mugging","06/07/21"
"Too Hot to Handle: Season 2: I Did Not See That Coming","02/07/21"
"Too Hot to Handle: Season 2: Green Lights and Hot Nights","02/07/21"
"Too Hot to Handle: Season 2: Money down the Drain","02/07/21"
"Too Hot to Handle: Season 2: Misters over Sisters","02/07/21"
"Too Hot to Handle: Season 2: Give Up the Chase","01/07/21"
"Too Hot to Handle: Season 2: An Offer You Can’t Refuse","01/07/21"
"Too Hot to Handle: Season 2: Resist Everything… Except Temptation","01/07/21"
"Too Hot to Handle: Season 2: On Est dans la Merde","01/07/21"
"Too Hot to Handle: Season 2: You Gotta Watch Out for Pete","01/07/21"
"Too Hot to Handle: Season 2: C**kblocked by a Cone","01/07/21"
"Friends: Season 7: The One Where They All Turn Thirty","17/06/21"
"Friends: Season 7: The One Where They're Up All Night","17/06/21"
"Friends: Season 7: The One Where Chandler Doesn't Like Dogs","17/06/21"
"Friends: Season 3: The One with the Hypnosis Tape","17/06/21"
"Friends: Season 3: The One Where No One's Ready","11/06/21"
"Friends: Season 8: The One in Massapequa","10/06/21"
"Friends: Season 8: The One with the Tea Leaves","10/06/21"
"Friends: Season 6: The One with Rachel's Sister","10/06/21"
"The Vampire Diaries: Season 3: The Birthday","10/06/21"
"Friends: Season 6: The One with the Joke","09/06/21"
"The Vampire Diaries: Season 2: As I Lay Dying","09/06/21"
"The Vampire Diaries: Season 2: The Sun Also Rises","09/06/21"
"The Vampire Diaries: Season 2: The Last Day","09/06/21"
"The Vampire Diaries: Season 2: Klaus","09/06/21"
"The Vampire Diaries: Season 2: The Last Dance","09/06/21"
"The Vampire Diaries: Season 2: Know Thy Enemy","09/06/21"
"The Vampire Diaries: Season 2: The House Guest","09/06/21"
"The Vampire Diaries: Season 2: The Dinner Party","09/06/21"
"The Vampire Diaries: Season 2: Crying Wolf","08/06/21"
"The Vampire Diaries: Season 2: Daddy Issues","08/06/21"
"The Vampire Diaries: Season 2: The Descent","08/06/21"
"The Vampire Diaries: Season 2: By the Light of the Moon","07/06/21"
"The Vampire Diaries: Season 2: The Sacrifice","07/06/21"
"The Vampire Diaries: Season 2: Katerina","07/06/21"
"The Vampire Diaries: Season 2: Rose","07/06/21"
"The Vampire Diaries: Season 2: Masquerade","07/06/21"
"The Vampire Diaries: Season 2: Plan B","07/06/21"
"The Vampire Diaries: Season 2: Kill or Be Killed","05/06/21"
"The Vampire Diaries: Season 2: Memory Lane","05/06/21"
"The Vampire Diaries: Season 2: Bad Moon Rising","03/06/21"
"The Vampire Diaries: Season 2: Brave New World","26/05/21"
"The Vampire Diaries: Season 2: The Return","26/05/21"
"The Vampire Diaries: Season 1: Founder's Day","25/05/21"
"The Vampire Diaries: Season 1: Isobel","25/05/21"
"The Vampire Diaries: Season 1: Blood Brothers","25/05/21"
"The Vampire Diaries: Season 1: Miss Mystic Falls","24/05/21"
"Just Say Yes","24/05/21"
"Fifty Shades of Grey","22/05/21"
"The Vampire Diaries: Season 1: Under Control","22/05/21"
"The Blacklist: Season 1: The Freelancer (No. 145)","22/05/21"
"The Vampire Diaries: Season 1: Let the Right One In","20/05/21"
"Alexa & Katie: Part 4: This Feels Right","20/05/21"
"Alexa & Katie: Part 4: Last Dance","20/05/21"
"Alexa & Katie: Part 4: The Smoke Show","20/05/21"
"Alexa & Katie: Part 4: Speaking of Cancer","20/05/21"
"Alexa & Katie: Part 4: Choose Your Own Adventure","20/05/21"
"The Vampire Diaries: Season 1: There Goes the Neighborhood","19/05/21"
"Alexa & Katie: Part 4: The Girl Who Cried Yelp","19/05/21"
"Alexa & Katie: Part 4: Rules for Better Barista-ing","19/05/21"
"Alexa & Katie: Part 4: Last First Day","19/05/21"
"Alexa & Katie: Part 3: Panic! At the Putt Putt","19/05/21"
"Alexa & Katie: Part 3: It's Just ... Weird","19/05/21"
"Alexa & Katie: Part 3: Writer-Director-Nervous Wreck","19/05/21"
"Alexa & Katie: Part 3: All I Want for Christmas Is You","19/05/21"
"Alexa & Katie: Part 3: Unconsciously Coupling","19/05/21"
"The Vampire Diaries: Season 1: A Few Good Men","19/05/21"
"Alexa & Katie: Part 3: Always Something There to Remind Me","19/05/21"
"Alexa & Katie: Part 3: Stupid Binder","19/05/21"
"The Vampire Diaries: Season 1: Fool Me Once","18/05/21"
"The Vampire Diaries: Season 1: Children of the Damned","18/05/21"
"The Vampire Diaries: Season 1: Unpleasantville","18/05/21"
"Alexa & Katie: Part 3: 1st Day of Junior Year","18/05/21"
"Alexa & Katie: Part 2: Sweet Sixteen","18/05/21"
"Alexa & Katie: Part 2: New Year's ... Whoops","18/05/21"
"Alexa & Katie: Part 2: The Ghost of Cancer Past","18/05/21"
"Alexa & Katie: Part 2: Katie's Beautiful Mind","18/05/21"
"Alexa & Katie: Part 2: Shop 'Til You Cry","18/05/21"
"The Blacklist: Season 1: Pilot","17/05/21"
"The Circle USA: Season 2: Back and More Savage Than Ever","17/05/21"
"Alexa & Katie: Part 2: PB Without J","17/05/21"
"Alexa & Katie: Part 2: Tryouts and Latte Doubts","17/05/21"
"Alexa & Katie: Part 2: #GWENCAS","17/05/21"
"Alexa & Katie: Part 2: ChoreCats","17/05/21"
"Alexa & Katie: Part 2: Second First Day","17/05/21"
"Alexa & Katie: Part 1: Winter Formal, Part 2","17/05/21"
"Alexa & Katie: Part 1: Winter Formal, Part 1","17/05/21"
"Alexa & Katie: Part 1: Secret Sleepover","17/05/21"
"Alexa & Katie: Part 1: Thanksgiving","17/05/21"
"Alexa & Katie: Part 1: Winter Luau","17/05/21"
"The Big Bang Theory: Season 12: The Stockholm Syndrome","16/05/21"
"The Big Bang Theory: Season 12: The Change Constant","16/05/21"
"The Big Bang Theory: Season 12: The Maternal Conclusion","16/05/21"
"The Big Bang Theory: Season 12: The Plagiarism Schism","16/05/21"
"The Big Bang Theory: Season 12: The Decision Reverberation","16/05/21"
"The Big Bang Theory: Season 12: The Inspiration Deprivation","16/05/21"
"Alexa & Katie: Part 1: Support Group","16/05/21"
"Alexa & Katie: Part 1: The Play, Part 2","16/05/21"
"Alexa & Katie: Part 1: Picture Day","16/05/21"
"Alexa & Katie: Part 1: The Play, Part 1","16/05/21"
"Alexa & Katie: Part 1: Ungroundable","16/05/21"
"Alexa & Katie: Part 1: Basketball","16/05/21"
"Alexa & Katie: Part 1: Wigs","16/05/21"
"Alexa & Katie: Part 1: Bad Hair Day","16/05/21"
"The Vampire Diaries: Season 1: Bloodlines","16/05/21"
"The Big Bang Theory: Season 12: The Laureate Accumulation","15/05/21"
"The Big Bang Theory: Season 12: The Conference Valuation","15/05/21"
"The Big Bang Theory: Season 12: The D & D Vortex","15/05/21"
"The Big Bang Theory: Season 12: The Donation Oscillation","15/05/21"
"The Big Bang Theory: Season 12: The Meteorite Manifestation","15/05/21"
"The Big Bang Theory: Season 12: The Confirmation Polarization","14/05/21"
"The Vampire Diaries: Season 1: The Turning Point","13/05/21"
"The Big Bang Theory: Season 12: The Propagation Proposition","12/05/21"
"The Vampire Diaries: Season 1: History Repeating","12/05/21"
"The Vampire Diaries: Season 1: 162 Candles","12/05/21"
"The Big Bang Theory: Season 12: The Paintball Scattering","12/05/21"
"The Vampire Diaries: Season 1: Haunted","11/05/21"
"The Vampire Diaries: Season 1: Lost Girls","11/05/21"
"The Vampire Diaries: Season 1: You're Undead to Me","10/05/21"
"The Big Bang Theory: Season 12: The VCR Illumination","10/05/21"
"The Big Bang Theory: Season 12: The Citation Negation","10/05/21"
"The Vampire Diaries: Season 1: Family Ties","10/05/21"
"The Vampire Diaries: Season 1: Friday Night Bites","09/05/21"
"The Big Bang Theory: Season 12: The Consummation Deviation","09/05/21"
"The Big Bang Theory: Season 12: The Grant Allocation Derivation","09/05/21"
"Bad Boy Billionaires: India: Season 1: Diamonds Aren't Forever","08/05/21"
"Bad Boy Billionaires: India: Season 1: The King of Good Times","08/05/21"
"The Big Bang Theory: Season 12: The Imitation Perturbation","08/05/21"
"The Big Bang Theory: Season 12: The Planetarium Collision","08/05/21"
"The Big Bang Theory: Season 12: The Tam Turbulence","08/05/21"
"The Vampire Diaries: Season 1: The Night of the Comet","08/05/21"
"Sexify: Season 1: Episode 1","07/05/21"
"Sexify: Season 1: Episode 8","07/05/21"
"Sexify: Season 1: Episode 7","07/05/21"
"Sexify: Season 1: Episode 6","07/05/21"
"Sexify: Season 1: Episode 5","07/05/21"
"Sexify: Season 1: Episode 4","07/05/21"
"Sexify: Season 1: Episode 3","07/05/21"
"Sexify: Season 1: Episode 2","07/05/21"
"The Vampire Diaries: Season 1: Pilot","07/05/21"
"The Big Bang Theory: Season 12: The Procreation Calculation","05/05/21"
"The Big Bang Theory: Season 12: The Wedding Gift Wormhole","05/05/21"
"The Big Bang Theory: Season 12: The Conjugal Configuration","05/05/21"
"The Big Bang Theory: Season 11: The Bow Tie Asymmetry","05/05/21"
"The Big Bang Theory: Season 11: The Sibling Realignment","05/05/21"
"The Big Bang Theory: Season 11: The Monetary Insufficiency","05/05/21"
"The Big Bang Theory: Season 11: The Comet Polarization","02/05/21"
"The Big Bang Theory: Season 11: The Reclusive Potential","02/05/21"
"The Big Bang Theory: Season 11: The Tenant Disassociation","02/05/21"
"Lupin: Part 1: Chapter 3","27/04/21"
"Lupin: Part 1: Chapter 2","27/04/21"
"Lupin: Part 1: Chapter 1","25/04/21"
"Lupin: Part 1: Chapter 4","25/04/21"
"The Big Bang Theory: Season 11: The Gates Excitation","24/04/21"
"The Big Bang Theory: Season 11: The Athenaeum Allocation","24/04/21"
"The Big Bang Theory: Season 11: The Neonatal Nomenclature","24/04/21"
"The Big Bang Theory: Season 11: The Novelization Correlation","20/04/21"
"The Bold Type: Season 4: Not Far from the Tree","20/04/21"
"The Bold Type: Season 4: Love","20/04/21"
"The Bold Type: Season 4: The Truth Will Set You Free","19/04/21"
"The Big Bang Theory: Season 11: The Separation Triangulation","19/04/21"
"The Bold Type: Season 4: Lost","19/04/21"
"The Bold Type: Season 4: Snow Day","19/04/21"
"The Bold Type: Season 4: Leveling Up","19/04/21"
"The Bold Type: Season 4: Some Kind of Wonderful","19/04/21"
"The Bold Type: Season 4: 5, 6, 7, 8","18/04/21"
"The Bold Type: Season 4: Stardust","18/04/21"
"The Bold Type: Season 4: The Space Between","18/04/21"
"The Bold Type: Season 4: To Peg or Not to Peg","18/04/21"
"The Bold Type: Season 4: Tearing Down the Donut Wall","17/04/21"
"The Bold Type: Season 4: Babes in Toyland","17/04/21"
"The Bold Type: Season 4: Marathon","17/04/21"
"The Bold Type: Season 4: #Scarlet","17/04/21"
"The Bold Type: Season 4: Legends of the Fall Issue","17/04/21"
"The Bold Type: Season 3: Breaking Through the Noise","17/04/21"
"The Bold Type: Season 3: Final Push","17/04/21"
"The Bold Type: Season 3: Revival","16/04/21"
"The Bold Type: Season 3: Mixed Messages","16/04/21"
"The Bold Type: Season 3: #TBT","16/04/21"
"The Bold Type: Season 3: Technical Difficulties","16/04/21"
"The Bold Type: Season 3: The Deep End","16/04/21"
"The Bold Type: Season 3: Stroke of Genius","16/04/21"
"The Bold Type: Season 3: Plus It Up","16/04/21"
"The Bold Type: Season 3: The New Normal","16/04/21"
"The Bold Type: Season 2: We'll Always Have Paris","16/04/21"
"The Bold Type: Season 2: Trippin'","15/04/21"
"The Bold Type: Season 2: Plan B","15/04/21"
"The Bold Type: Season 2: Betsy","15/04/21"
"The Bold Type: Season 2: The Domino Effect","15/04/21"
"The Bold Type: Season 2: Stride of Pride","15/04/21"
"The Bold Type: Season 2: OMG","15/04/21"
"The Bold Type: Season 2: The Scarlet Letter","14/04/21"
"The Bold Type: Season 2: Rose Colored Glasses","14/04/21"
"The Bold Type: Season 2: Feminist Army","14/04/21"
"The Bold Type: Season 1: Carry the Weight","13/04/21"
"The Bold Type: Season 1: Before Tequila Sunrise","13/04/21"
"The Bold Type: Season 1: The End of the Beginning","13/04/21"
"The Bold Type: Season 1: Three Girls In A Tub","13/04/21"
"The Bold Type: Season 1: The Breast Issue","13/04/21"
"The Bold Type: Season 1: No Feminism in the Champagne Room","12/04/21"
"The Bold Type: Season 1: If You Can't Do It With Feeling","12/04/21"
"The Bold Type: Season 1: The Woman Behind the Clothes","12/04/21"
"Kal Ho Naa Ho","12/04/21"
"The Bold Type: Season 1: O Hell No","11/04/21"
"The Bold Type: Season 1: Pilot","11/04/21"
"The Big Bang Theory: Season 11: The Solo Oscillation","06/04/21"
"Designated Survivor: Season 3: #truthorconsequences","05/04/21"
"Designated Survivor: Season 3: #undecided","05/04/21"
"Designated Survivor: Season 3: #scaredsh*tless","05/04/21"
"Designated Survivor: Season 3: #identity/crisis","04/04/21"
"Designated Survivor: Season 3: #whocares","04/04/21"
"Designated Survivor: Season 3: #nothingpersonal","04/04/21"
"Designated Survivor: Season 3: #makehistory","03/04/21"
"Designated Survivor: Season 3: #privacyplease","03/04/21"
"Designated Survivor: Season 3: #slipperyslope","03/04/21"
"Designated Survivor: Season 2: Run","03/04/21"
"Designated Survivor: Season 2: Target","03/04/21"
"Designated Survivor: Season 2: Bad Reception","02/04/21"
"Designated Survivor: Season 2: Capacity","02/04/21"
"Designated Survivor: Season 2: Kirkman Agonistes","02/04/21"
"Riverdale: Season 5: Chapter Eighty-Six: The Pincushion Man","01/04/21"
"Designated Survivor: Season 2: Overkill","01/04/21"
"Designated Survivor: Season 2: Fallout","31/03/21"
"Designated Survivor: Season 2: Summit","31/03/21"
"Designated Survivor: Season 2: In the Dark","31/03/21"
"Designated Survivor: Season 2: Original Sin","31/03/21"
"Riverdale: Season 5: Chapter Eighty-Five: Destroyer","28/03/21"
"Designated Survivor: Season 3: #thesystemisbroken","26/03/21"
"Designated Survivor: Season 2: The Final Frontier","24/03/21"
"Designated Survivor: Season 2: Grief","24/03/21"
"Designated Survivor: Season 2: Line of Fire","22/03/21"
"Designated Survivor: Season 2: Three Letter Day","22/03/21"
"Designated Survivor: Season 2: Home","22/03/21"
"Stree","22/03/21"
"Designated Survivor: Season 2: Family Ties","21/03/21"
"Designated Survivor: Season 2: Two Ships","21/03/21"
"Designated Survivor: Season 2: Suckers","21/03/21"
"Designated Survivor: Season 2: Equilibrium","21/03/21"
"Designated Survivor: Season 2: Outbreak","20/03/21"
"Designated Survivor: Season 2: One Year In","20/03/21"
"Designated Survivor: Season 2: Sting of the Tail","19/03/21"
"Designated Survivor: Season 1: Brace for Impact","19/03/21"
"Designated Survivor: Season 1: Bombshell","18/03/21"
"Designated Survivor: Season 1: Misalliance","18/03/21"
"Riverdale: Season 5: Chapter Eighty-Four: Lock & Key","18/03/21"
"Designated Survivor: Season 1: Lazarus","17/03/21"
"Designated Survivor: Season 1: The Ninth Seat","17/03/21"
"Designated Survivor: Season 1: Party Lines","17/03/21"
"Designated Survivor: Season 1: One Hundred Days","17/03/21"
"Designated Survivor: Season 1: Commander-in-Chief","17/03/21"
"Designated Survivor: Season 1: Backfire","17/03/21"
"Designated Survivor: Season 1: The End of the Beginning","16/03/21"
"Designated Survivor: Season 1: Warriors","16/03/21"
"Designated Survivor: Season 1: The Oath","16/03/21"
"Designated Survivor: Season 1: The Blueprint","16/03/21"
"Designated Survivor: Season 1: The Results","15/03/21"
"Designated Survivor: Season 1: The Traitor","15/03/21"
"Designated Survivor: Season 1: The Interrogation","15/03/21"
"Designated Survivor: Season 1: The Mission","14/03/21"
"Designated Survivor: Season 1: The Enemy","14/03/21"
"Designated Survivor: Season 1: The Confession","14/03/21"
"Friends: Season 2: The One with the Bullies","14/03/21"
"Designated Survivor: Season 1: The First Day","14/03/21"
"Designated Survivor: Season 1: Pilot","14/03/21"
"Riverdale: Season 5: Chapter Eighty-Three: Fire in the Sky","11/03/21"
"Oh My God","04/03/21"
"Bridgerton: Season 1: Diamond of the First Water","28/02/21"
"Best Wishes, Warmest Regards: A Schitt's Creek Farewell","27/02/21"
"Schitt's Creek: Season 6: Happy Ending","27/02/21"
"Schitt's Creek: Season 6: Start Spreading the News","27/02/21"
"Schitt's Creek: Season 6: The Pitch","27/02/21"
"Schitt's Creek: Season 6: The Bachelor Party","27/02/21"
"Schitt's Creek: Season 6: Sunrise, Sunset","27/02/21"
"Schitt's Creek: Season 6: Rebound","27/02/21"
"Schitt's Creek: Season 6: The Presidential Suite","27/02/21"
"Schitt's Creek: Season 6: Moira Rose","27/02/21"
"Schitt's Creek: Season 6: The Wingman","27/02/21"
"Schitt's Creek: Season 6: The Premiere","27/02/21"
"Schitt's Creek: Season 6: Maid of Honour","27/02/21"
"Schitt's Creek: Season 6: The Job Interview","27/02/21"
"Schitt's Creek: Season 6: The Incident","27/02/21"
"Schitt's Creek: Season 6: Smoke Signals","27/02/21"
"Schitt's Creek: Season 5: Life Is a Cabaret","27/02/21"
"Schitt's Creek: Season 5: The Hike","26/02/21"
"Schitt's Creek: Season 5: The Roast","26/02/21"
"Schitt's Creek: Season 5: Meet the Parents","26/02/21"
"Schitt's Creek: Season 5: Roadkill","26/02/21"
"The Big Bang Theory: Season 11: The Matrimonial Metric","26/02/21"
"The Big Bang Theory: Season 11: The Celebration Reverberation","26/02/21"
"The Big Bang Theory: Season 11: The Confidence Erosion","26/02/21"
"The Big Bang Theory: Season 11: The Bitcoin Entanglement","26/02/21"
"Schitt's Creek: Season 5: The M.V.P","26/02/21"
"Schitt's Creek: Season 5: The Hospies","25/02/21"
"Schitt's Creek: Season 5: A Whisper of Desire","25/02/21"
"Schitt's Creek: Season 5: Rock On!","25/02/21"
"Schitt's Creek: Season 5: Housewarming","25/02/21"
"Schitt's Creek: Season 5: The Dress","25/02/21"
"Schitt's Creek: Season 5: The Plant","25/02/21"
"Schitt's Creek: Season 5: Love Letters","25/02/21"
"Riverdale: Season 1: Chapter One: The River's Edge","25/02/21"
"Riverdale: Season 5: Chapter Eighty-Two: Back to School","25/02/21"
"Schitt's Creek: Season 5: The Crowening","25/02/21"
"Schitt's Creek: Season 4: Merry Christmas, Johnny Rose","25/02/21"
"Schitt's Creek: Season 4: Singles Week","25/02/21"
"Schitt's Creek: Season 4: The Rollout","24/02/21"
"Schitt's Creek: Season 4: Baby Sprinkle","24/02/21"
"Schitt's Creek: Season 4: The Olive Branch","24/02/21"
"Schitt's Creek: Season 4: The Jazzaguy","24/02/21"
"Schitt's Creek: Season 4: The Barbecue","24/02/21"
"Schitt's Creek: Season 4: Open Mic","24/02/21"
"Schitt's Creek: Season 4: RIP Moira Rose","24/02/21"
"Schitt's Creek: Season 4: Girls’ Night","24/02/21"
"Schitt's Creek: Season 4: Asbestos Fest","23/02/21"
"Schitt's Creek: Season 4: Pregnancy Test","23/02/21"
"Schitt's Creek: Season 4: Dead Guy in Room 4","23/02/21"
"Schitt's Creek: Season 3: Grad Night","23/02/21"
"Schitt's Creek: Season 3: Friends & Family","23/02/21"
"Schitt's Creek: Season 3: Stop Saying Lice!","23/02/21"
"Schitt's Creek: Season 3: Sebastien Raine","23/02/21"
"Schitt's Creek: Season 3: The Affair","23/02/21"
"The Big Bang Theory: Season 11: The Tesla Recoil","22/02/21"
"The Big Bang Theory: Season 11: The Geology Methodology","22/02/21"
"Schitt's Creek: Season 3: Motel Review","22/02/21"
"Schitt's Creek: Season 3: General Store","22/02/21"
"Schitt's Creek: Season 3: Murder Mystery","22/02/21"
"Schitt's Creek: Season 3: Rooms by the Hour","22/02/21"
"Schitt's Creek: Season 3: Driving Test","22/02/21"
"Brooklyn Nine-Nine: Season 7: Lights Out","22/02/21"
"Brooklyn Nine-Nine: Season 7: Ransom","22/02/21"
"Brooklyn Nine-Nine: Season 7: Valloweaster","22/02/21"
"Brooklyn Nine-Nine: Season 7: Admiral Peralta","22/02/21"
"Brooklyn Nine-Nine: Season 7: Dillman","22/02/21"
"Brooklyn Nine-Nine: Season 7: The Takeback","22/02/21"
"Brooklyn Nine-Nine: Season 7: Ding Dong","22/02/21"
"Brooklyn Nine-Nine: Season 7: Trying","22/02/21"
"Brooklyn Nine-Nine: Season 7: Debbie","22/02/21"
"Brooklyn Nine-Nine: Season 7: The Jimmy Jab Games II","22/02/21"
"Brooklyn Nine-Nine: Season 7: Pimemento","22/02/21"
"Brooklyn Nine-Nine: Season 7: Captain Kim","22/02/21"
"Schitt's Creek: Season 3: New Car","22/02/21"
"Schitt's Creek: Season 3: The Throuple","22/02/21"
"Schitt's Creek: Season 3: Opening Night","21/02/21"
"Riverdale: Season 5: Chapter Eighty-One: The Homecoming","20/02/21"
"Schitt's Creek: Season 2: Happy Anniversary","16/02/21"
"Schitt's Creek: Season 2: Lawn Signs","16/02/21"
"Schitt's Creek: Season 2: The Motel Guest","15/02/21"
"The Big Day: Collection 1: Love Is in the Details","14/02/21"
"Brooklyn Nine-Nine: Season 7: Manhunter","14/02/21"
"Schitt's Creek: Season 2: Ronnie's Party","14/02/21"
"Schitt's Creek: Season 2: Moira's Nudes","13/02/21"
"Schitt's Creek: Season 2: Milk Money","13/02/21"
"Schitt's Creek: Season 2: The Candidate","13/02/21"
"Schitt's Creek: Season 2: Moira vs. Town Council","13/02/21"
"To All The Boys: Always And Forever","12/02/21"
"Schitt's Creek: Season 2: Bob's Bagels","12/02/21"
"Schitt's Creek: Season 2: Estate Sale","11/02/21"
"Schitt's Creek: Season 2: Jazzagals","11/02/21"
"Riverdale: Season 5: Chapter Eighty: Purgatorio","11/02/21"
"Schitt's Creek: Season 2: Family Dinner","11/02/21"
"Schitt's Creek: Season 2: Finding David","09/02/21"
"Schitt's Creek: Season 1: Town for Sale","09/02/21"
"Schitt's Creek: Season 1: Surprise Party","09/02/21"
"Schitt's Creek: Season 1: Little Sister","09/02/21"
"Two and a Half Men: Season 3: Carpet Burns and a Bite Mark","09/02/21"
"Two and a Half Men: Season 3: Principal Gallagher's Lesbian Lover","09/02/21"
"Schitt's Creek: Season 1: Honeymoon","09/02/21"
"Schitt's Creek: Season 1: Carl's Funeral","08/02/21"
"Riverdale: Season 5: Chapter Seventy-Nine: Graduation","07/02/21"
"Schitt's Creek: Season 1: Allez-Vous","04/02/21"
"The White Tiger","02/02/21"
"Schitt's Creek: Season 1: Turkey Shoot","01/02/21"
"Schitt's Creek: Season 1: Wine and Roses","29/01/21"
"Two and a Half Men: Season 3: Weekend In Bangkok with Two Olympic Gymnasts","29/01/21"
"Schitt's Creek: Season 1: The Cabin","28/01/21"
"Two and a Half Men: Season 2: Does This Smell Funny to You?","28/01/21"
"Schitt's Creek: Season 1: Bad Parents","28/01/21"
"Riverdale: Season 5: Chapter Seventy-Eight: The Preppy Murders","28/01/21"
"Schitt's Creek: Season 1: Don't Worry, It's His Sister","27/01/21"
"Schitt's Creek: Season 1: The Drip","26/01/21"
"The Queen's Gambit: Limited Series: End Game","25/01/21"
"The Queen's Gambit: Limited Series: Adjournment","25/01/21"
"The Queen's Gambit: Limited Series: Fork","25/01/21"
"The Queen's Gambit: Limited Series: Middle Game","25/01/21"
"The Queen's Gambit: Limited Series: Doubled Pawns","25/01/21"
"Two and a Half Men: Season 2: Squab, Squab, Squab, Squab, Squab","25/01/21"
"The Queen's Gambit: Limited Series: Exchanges","25/01/21"
"Two and a Half Men: Season 2: That Old Hose Bag Is My Mother","21/01/21"
"Riverdale: Season 5: Chapter Seventy-Seven: Climax","21/01/21"
"The Queen's Gambit: Limited Series: Openings","21/01/21"
"Two and a Half Men: Season 2: A Sympathetic Crotch to Cry On","21/01/21"
"Two and a Half Men: Season 2: I Always Wanted a Shaved Monkey","20/01/21"
"Two and a Half Men: Season 2: A Low, Guttural Tongue-flapping Noise","20/01/21"
"Friends: Season 2: The One Where Old Yeller Dies","20/01/21"
"Two and a Half Men: Season 2: It Was Mame, Mom","19/01/21"
"Two and a Half Men: Season 2: Woo-Hoo, a Hernia Exam!","19/01/21"
"Two and a Half Men: Season 2: Can You Eat Human Flesh with Wooden Teeth?","19/01/21"
"Tribhanga - Tedhi Medhi Crazy","19/01/21"
"Two and a Half Men: Season 2: Smell the Umbrella Stand","19/01/21"
"Two and a Half Men: Season 2: Those Big Pink Things with Coconut","17/01/21"
"Two and a Half Men: Season 2: Zejdz z Zmoich Wlosów","17/01/21"
"Two and a Half Men: Season 2: Lungful of Alan","17/01/21"
"Two and a Half Men: Season 2: Last Chance to See Those Tattoos","17/01/21"
"Two and a Half Men: Season 2: Salmon Under My Sweater","17/01/21"
"The Big Bang Theory: Season 11: The Proton Regeneration","16/01/21"
"The Big Bang Theory: Season 11: The Collaboration Contamination","16/01/21"
"Two and a Half Men: Season 2: Yes, Monsignor","16/01/21"
"Two and a Half Men: Season 2: Frankenstein and the Horny Villagers","16/01/21"
"Two and a Half Men: Season 2: A Kosher Slaughterhouse Out in Fontana","15/01/21"
"Two and a Half Men: Season 2: The Price of Healthy Gums Is Eternal Vigilance","14/01/21"
"Two and a Half Men: Season 2: Bad News from the Clinic?","14/01/21"
"Two and a Half Men: Season 2: Go Get Mommy's Bra","14/01/21"
"Two and a Half Men: Season 2: A Bag Full of Jawea","14/01/21"
"Two and a Half Men: Season 2: Enjoy Those Garlic Balls","11/01/21"
"Two and a Half Men: Season 2: Back Off, Mary Poppins","11/01/21"
"Two and a Half Men: Season 1: Can You Feel My Finger?","11/01/21"
"Two and a Half Men: Season 1: Just Like Buffalo","10/01/21"
"Two and a Half Men: Season 1: My Doctor Has a Cow Puppet","10/01/21"
"Two and a Half Men: Season 1: No Sniffing, No Wowing","09/01/21"
"Two and a Half Men: Season 1: Hey, I Can Pee Outside in the Dark","09/01/21"
"Two and a Half Men: Season 1: I Remember the Coat Room, I Just Don't Remember You","08/01/21"
"Two and a Half Men: Season 1: An Old Flame with a New Wick","06/01/21"
"365 Days","05/01/21"
"Two and a Half Men: Season 1: Ate the Hamburgers, Wearing the Hats","05/01/21"
"The Big Bang Theory: Season 11: The Explosion Implosion","04/01/21"
"The Big Bang Theory: Season 11: The Relaxation Integration","04/01/21"
"Two and a Half Men: Season 1: That Was Saliva, Alan","04/01/21"
"Two and a Half Men: Season 1: Round One to the Hot Crazy Chick","03/01/21"
"Two and a Half Men: Season 1: I Can't Afford Hyenas","03/01/21"
"Two and a Half Men: Season 1: Sarah Like Puny Alan","03/01/21"
"Two and a Half Men: Season 1: Camel Filters and Pheremones","03/01/21"
"Two and a Half Men: Season 1: Alan Harper, Frontier Chiropractor","03/01/21"
"Two and a Half Men: Season 1: Merry Thanksgiving","03/01/21"
"Two and a Half Men: Season 1: Phase One, Complete","02/01/21"
"Two and a Half Men: Season 1: Twenty-five Little Pre-pubers Without a Snoot-ful","02/01/21"
"Two and a Half Men: Season 1: If They Do Go Either Way, They're Usually Fake","02/01/21"
"Two and a Half Men: Season 1: Did You Check with the Captain of the Flying Monkeys?","02/01/21"
"Two and a Half Men: Season 1: Last Thing You Want Is to Wind Up with a Hump","01/01/21"
"Two and a Half Men: Season 1: If I Can't Write My Chocolate Song, I'm Going to Take a Nap","01/01/21"
"The Big Bang Theory: Season 11: The Retraction Reaction","30/12/20"
"Two and a Half Men: Season 1: Go East on Sunset Until You Reach the Gates of Hell","30/12/20"
"Two and a Half Men: Season 1: Big Flappy Bastards","30/12/20"
"Friends: Season 7: The One with Ross' Library Book","30/12/20"
"Two and a Half Men: Season 1: Pilot","30/12/20"
"The Big Bang Theory: Season 11: The Proposal Proposal","29/12/20"
"The Big Bang Theory: Season 10: The Long Distance Dissonance","29/12/20"
"The Big Bang Theory: Season 10: The Gyroscopic Collapse","29/12/20"
"Friends: Season 4: The One with the Jellyfish","29/12/20"
"Friends: Season 3: The One at the Beach","29/12/20"
"Friends: Season 1: The One with the Birth","29/12/20"
"AK vs AK","28/12/20"
"Christmas Wedding Planner","25/12/20"
"Sherlock: Series 4: The Final Problem","23/12/20"
"Sherlock: Series 4: The Lying Detective","23/12/20"
"The Big Bang Theory: Season 10: The Cognition Regeneration","23/12/20"
"The Big Bang Theory: Season 10: The Separation Agitation","22/12/20"
"The Big Bang Theory: Season 10: The Recollection Dissipation","22/12/20"
"Sherlock: Series 4: The Six Thatchers","22/12/20"
"Sherlock: Series 3: The Abominable Bride","20/12/20"
"Sherlock: Series 3: His Last Vow","20/12/20"
"Sherlock: Series 3: The Sign of Three","19/12/20"
"Sherlock: Series 3: The Empty Hearse","17/12/20"
"Sherlock: Series 2: The Reichenbach Fall","17/12/20"
"The Big Bang Theory: Season 10: The Collaboration Fluctuation","17/12/20"
"The Big Bang Theory: Season 10: The Escape Hatch Identification","17/12/20"
"Sherlock: Series 2: The Hounds of Baskerville","16/12/20"
"Sherlock: Series 2: A Scandal in Belgravia","15/12/20"
"Bhaag Beanie Bhaag: Season 1: Episode 6","11/12/20"
"Bhaag Beanie Bhaag: Season 1: Episode 5","11/12/20"
"Bhaag Beanie Bhaag: Season 1: Episode 4","11/12/20"
"Bhaag Beanie Bhaag: Season 1: Episode 3","11/12/20"
"Bhaag Beanie Bhaag: Season 1: Episode 2","11/12/20"
"Bhaag Beanie Bhaag: Season 1: Episode 1","11/12/20"
"The Umbrella Academy: Season 1: We Only See Each Other at Weddings and Funerals","10/12/20"
"Teen Wolf: Season 6: The Wolves Of War","10/12/20"
"Teen Wolf: Season 6: Broken Glass","10/12/20"
"Teen Wolf: Season 6: Genotype","10/12/20"
"Teen Wolf: Season 6: Werewolves Of London","10/12/20"
"Teen Wolf: Season 6: Triggers","10/12/20"
"Teen Wolf: Season 6: Pressure Test","10/12/20"
"Teen Wolf: Season 6: Face-To-Faceless","09/12/20"
"Teen Wolf: Season 6: After Images","09/12/20"
"Teen Wolf: Season 6: Raw Talent","09/12/20"
"Teen Wolf: Season 6: Said The Spider To The Fly","09/12/20"
"The Big Bang Theory: Season 10: The Comic-Con Conundrum","09/12/20"
"The Big Bang Theory: Season 10: The Allowance Evaporation","08/12/20"
"Teen Wolf: Season 6: Riders on the Storm","08/12/20"
"Teen Wolf: Season 6: Memory Found","08/12/20"
"Teen Wolf: Season 6: Blitzkrieg","08/12/20"
"Teen Wolf: Season 6: Heartless","07/12/20"
"Teen Wolf: Season 6: Ghosted","07/12/20"
"Teen Wolf: Season 6: Radio Silence","07/12/20"
"Teen Wolf: Season 6: Relics","05/12/20"
"Teen Wolf: Season 6: Sundowning","05/12/20"
"Teen Wolf: Season 6: Superposition","05/12/20"
"Teen Wolf: Season 6: Memory Lost","05/12/20"
"Teen Wolf: Season 5: Apotheosis","05/12/20"
"Teen Wolf: Season 5: The Beast of Beacon Hills","05/12/20"
"Teen Wolf: Season 5: Maid of Gevaudan","04/12/20"
"Teen Wolf: Season 5: A Credible Threat","04/12/20"
"Teen Wolf: Season 5: Lie Ability","04/12/20"
"Teen Wolf: Season 5: Amplification","04/12/20"
"Teen Wolf: Season 5: The Sword and the Spirit","04/12/20"
"Teen Wolf: Season 5: Codominance","03/12/20"
"Teen Wolf: Season 5: Damnatio Memoriae","03/12/20"
"Teen Wolf: Season 5: The Last Chimera","02/12/20"
"Teen Wolf: Season 5: Status Asthmaticus","01/12/20"
"Teen Wolf: Season 5: Lies of Omission","01/12/20"
"Teen Wolf: Season 5: Ouroboros","01/12/20"
"Teen Wolf: Season 5: Strange Frequencies","01/12/20"
"Teen Wolf: Season 5: Required Reading","01/12/20"
"Teen Wolf: Season 5: A Novel Approach","01/12/20"
"Teen Wolf: Season 5: Condition Terminal","01/12/20"
"Teen Wolf: Season 5: Dreamcatchers","30/11/20"
"Teen Wolf: Season 5: Parasomnia","30/11/20"
"Teen Wolf: Season 5: Creatures of the Night","30/11/20"
"Teen Wolf: Season 4: Smoke and Mirrors","30/11/20"
"Teen Wolf: Season 4: A Promise to the Dead","30/11/20"
"Teen Wolf: Season 4: Monstrous","30/11/20"
"Teen Wolf: Season 4: Perishable","30/11/20"
"Teen Wolf: Season 4: Time of Death","30/11/20"
"Teen Wolf: Season 4: Weaponized","30/11/20"
"Teen Wolf: Season 4: Orphaned","29/11/20"
"Teen Wolf: Season 4: I.E.D.","29/11/20"
"Teen Wolf: Season 4: The Benefactor","29/11/20"
"Teen Wolf: Season 4: Muted","29/11/20"
"Teen Wolf: Season 4: 117","29/11/20"
"Teen Wolf: Season 4: The Dark Moon","29/11/20"
"Teen Wolf: Season 3: The Divine Move","29/11/20"
"Teen Wolf: Season 3: Insatiable","29/11/20"
"Teen Wolf: Season 3: De-Void","29/11/20"
"Teen Wolf: Season 3: The Fox and the Wolf","29/11/20"
"Teen Wolf: Season 3: Echo House","29/11/20"
"Teen Wolf: Season 3: Letharia Vulpina","28/11/20"
"Teen Wolf: Season 3: Riddled","28/11/20"
"Teen Wolf: Season 3: Silverfinger","28/11/20"
"Teen Wolf: Season 3: Illuminated","28/11/20"
"Teen Wolf: Season 3: Galvanize","28/11/20"
"Teen Wolf: Season 3: More Bad Than Good","28/11/20"
"Teen Wolf: Season 3: Anchors","28/11/20"
"Teen Wolf: Season 3: Lunar Ellipse","28/11/20"
"Teen Wolf: Season 3: Alpha Pact","28/11/20"
"Teen Wolf: Season 3: The Overlooked","27/11/20"
"Teen Wolf: Season 3: The Girl Who Knew Too Much","27/11/20"
"Teen Wolf: Season 3: Visionary","27/11/20"
"Teen Wolf: Season 3: Currents","27/11/20"
"Teen Wolf: Season 3: Motel California","27/11/20"
"Teen Wolf: Season 3: Frayed","27/11/20"
"Teen Wolf: Season 3: Unleashed","27/11/20"
"Teen Wolf: Season 3: Fireflies","27/11/20"
"Teen Wolf: Season 3: Chaos Rising","27/11/20"
"Teen Wolf: Season 3: Tattoo","27/11/20"
"Teen Wolf: Season 2: Master Plan","27/11/20"
"Teen Wolf: Season 2: Battlefield","27/11/20"
"Teen Wolf: Season 2: Fury","26/11/20"
"Teen Wolf: Season 2: Party Guessed","26/11/20"
"Teen Wolf: Season 2: Raving","26/11/20"
"The Big Bang Theory: Season 10: The Locomotion Reverberation","26/11/20"
"The Big Bang Theory: Season 10: The Emotion Detection Automation","26/11/20"
"Teen Wolf: Season 2: Restraint","26/11/20"
"Teen Wolf: Season 2: Frenemy","26/11/20"
"Teen Wolf: Season 2: Venomous","26/11/20"
"Teen Wolf: Season 2: Abomination","26/11/20"
"Teen Wolf: Season 2: Ice Pick","26/11/20"
"The Big Bang Theory: Season 10: The Romance Recalibration","25/11/20"
"The Big Bang Theory: Season 10: The Holiday Summation","25/11/20"
"Teen Wolf: Season 2: Shape Shifted","25/11/20"
"Teen Wolf: Season 2: Omega","25/11/20"
"Teen Wolf: Season 1: Code Breaker","25/11/20"
"Teen Wolf: Season 1: Formality","25/11/20"
"Mismatched: Season 1: When Dimple Met Rishi","24/11/20"
"Teen Wolf: Season 1: Co-Captain","24/11/20"
"Teen Wolf: Season 1: Wolf's Bane","23/11/20"
"Teen Wolf: Season 1: Lunatic","23/11/20"
"Teen Wolf: Season 1: Night School","23/11/20"
"The Big Bang Theory: Season 10: The Birthday Synchronicity","23/11/20"
"The Big Bang Theory: Season 10: The Property Division Collision","23/11/20"
"Teen Wolf: Season 1: Heart Monitor","23/11/20"
"Teen Wolf: Season 1: The Tell","23/11/20"
"Teen Wolf: Season 1: Magic Bullet","23/11/20"
"Teen Wolf: Season 1: Pack Mentality","23/11/20"
"Teen Wolf: Season 1: Second Chance at First Line","23/11/20"
"Teen Wolf: Season 1: Wolf Moon","23/11/20"
"Mismatched: Season 1: Games We Play","21/11/20"
"Mismatched: Season 1: It's Not a Date","21/11/20"
"Mismatched: Season 1: Making Moves","21/11/20"
"Mismatched: Season 1: Message Deleted","21/11/20"
"Mismatched: Season 1: Hot Summer, Cold Vibes","21/11/20"
"Sex Education: Season 2: Episode 8","20/11/20"
"Sex Education: Season 1: Episode 8","20/11/20"
"Sex Education: Season 2: Episode 7","20/11/20"
"Sex Education: Season 2: Episode 6","20/11/20"
"Sex Education: Season 2: Episode 5","20/11/20"
"Sex Education: Season 2: Episode 4","20/11/20"
"Sex Education: Season 2: Episode 3","20/11/20"
"Sex Education: Season 2: Episode 2","20/11/20"
"Sex Education: Season 2: Episode 1","19/11/20"
"Sex Education: Season 1: Episode 7","19/11/20"
"Sex Education: Season 1: Episode 6","19/11/20"
"Sex Education: Season 1: Episode 5","19/11/20"
"Sex Education: Season 1: Episode 2","18/11/20"
"Sex Education: Season 1: Episode 4","18/11/20"
"Sex Education: Season 1: Episode 3","18/11/20"
"Sex Education: Season 1: Episode 1","18/11/20"
"The Big Bang Theory: Season 10: The Geology Elevation","16/11/20"
"DASH & LILY: Season 1: New Year's Eve","14/11/20"
"DASH & LILY: Season 1: Christmas","14/11/20"
"DASH & LILY: Season 1: Christmas Eve","14/11/20"
"DASH & LILY: Season 1: Sofia & Edgar","14/11/20"
"DASH & LILY: Season 1: Cinderella","14/11/20"
"DASH & LILY: Season 1: Hanukkah","14/11/20"
"DASH & LILY: Season 1: Lily","13/11/20"
"DASH & LILY: Season 1: Dash","13/11/20"
"Ludo","13/11/20"
"Friends: Season 1: The One with the Ick Factor","13/11/20"
"Friends: Season 1: The One with the Fake Monica","13/11/20"
"Holidate","12/11/20"
"The Kissing Booth","05/11/20"
"Friends: Season 1: The One with the Two Parts: Part 1","05/11/20"
"The Big Bang Theory: Season 10: The Brain Bowl Incubation","03/11/20"
"The Big Bang Theory: Season 10: The Veracity Elasticity","03/11/20"
"The Big Bang Theory: Season 10: The Fetal Kick Catalyst","27/10/20"
"The Big Bang Theory: Season 10: The Hot Tub Contamination","27/10/20"
"The Big Bang Theory: Season 10: The Cohabitation Experimentation","27/10/20"
"Christmas Inheritance","26/10/20"
"A Wish for Christmas","24/10/20"
"Set It Up","24/10/20"
"A Cinderella Story: Christmas Wish","22/10/20"
"The Big Bang Theory: Season 10: The Dependence Transcendence","22/10/20"
"The Big Bang Theory: Season 10: The Military Miniaturization","22/10/20"
"How to Get Away With Murder: Season 6: Stay","21/10/20"
"How to Get Away With Murder: Season 6: Annalise Keating is Dead","21/10/20"
"How to Get Away With Murder: Season 6: What if Sam Wasn't the Bad Guy This Whole Time?","21/10/20"
"How to Get Away With Murder: Season 6: Let's Hurt Him","21/10/20"
"How to Get Away With Murder: Season 6: The Reckoning","21/10/20"
"How to Get Away With Murder: Season 6: We're Not Getting Away With It","21/10/20"
"How to Get Away With Murder: Season 6: Are You the Mole?","21/10/20"
"How to Get Away With Murder: Season 6: I Want to Be Free","21/10/20"
"How to Get Away With Murder: Season 6: I'm the Murderer","21/10/20"
"The Big Bang Theory: Season 10: The Conjugal Conjecture","20/10/20"
"How to Get Away With Murder: Season 6: Family Sucks","20/10/20"
"How to Get Away With Murder: Season 6: We're All Gonna Die","20/10/20"
"How to Get Away With Murder: Season 6: I Hate the World","20/10/20"
"How to Get Away With Murder: Season 6: Do You Think I'm a Bad Man?","20/10/20"
"How to Get Away With Murder: Season 6: Vivian's Here","17/10/20"
"How to Get Away With Murder: Season 6: Say Goodbye","16/10/20"
"How to Get Away With Murder: Season 5: Please Say No One Else Is Dead","16/10/20"
"How to Get Away With Murder: Season 5: Make Me the Enemy","16/10/20"
"How to Get Away With Murder: Season 5: Where Are Your Parents?","16/10/20"
"How to Get Away With Murder: Season 5: We Know Everything","16/10/20"
"How to Get Away With Murder: Season 5: Be the Martyr","15/10/20"
"The Big Bang Theory: Season 9: The Convergence Convergence","14/10/20"
"The Big Bang Theory: Season 9: The Line Substitution Solution","14/10/20"
"The Big Bang Theory: Season 9: The Fermentation Bifurcation","14/10/20"
"How to Get Away With Murder: Season 5: Don't Go Dark on Me","14/10/20"
"How to Get Away With Murder: Season 5: He Betrayed Us Both","14/10/20"
"How to Get Away With Murder: Season 5: I Want to Love You Until the Day I Die","14/10/20"
"The Big Bang Theory: Season 9: The Viewing Party Combustion","13/10/20"
"The Big Bang Theory: Season 9: The Big Bear Precipitation","13/10/20"
"The Big Bang Theory: Season 9: The Solder Excursion Diversion","13/10/20"
"How to Get Away With Murder: Season 5: I Got Played","13/10/20"
"How to Get Away With Murder: Season 5: We Can Find Him","13/10/20"
"How to Get Away With Murder: Season 5: It Was the Worst Day of My Life","13/10/20"
"How to Get Away With Murder: Season 5: It's Her Kid","13/10/20"
"How to Get Away With Murder: Season 5: The Baby Was Never Dead","12/10/20"
"How to Get Away With Murder: Season 5: Whose Blood Is That?","11/10/20"
"How to Get Away With Murder: Season 5: Your Funeral","11/10/20"
"How to Get Away With Murder: Season 4: Nobody Else Is Dying","11/10/20"
"How to Get Away With Murder: Season 4: The Day Before He Died","11/10/20"
"How to Get Away With Murder: Season 4: Lahey v. Commonwealth of Pennsylvania","11/10/20"
"How to Get Away With Murder: Season 4: Ask Him About Stella","11/10/20"
"How to Get Away With Murder: Season 4: He's a Bad Father","11/10/20"
"How to Get Away With Murder: Season 4: Everything We Did Was for Nothing","11/10/20"
"How to Get Away With Murder: Season 4: He's Dead","11/10/20"
"How to Get Away With Murder: Season 4: Live. Live. Live","11/10/20"
"How to Get Away With Murder: Season 4: Nobody Roots for Goliath","11/10/20"
"The Big Bang Theory: Season 9: The Application Deterioration","09/10/20"
"The Big Bang Theory: Season 9: The Celebration Experimentation","09/10/20"
"The Big Bang Theory: Season 9: The Positive Negative Reaction","09/10/20"
"The Big Bang Theory: Season 9: The Valentino Submergence","08/10/20"
"The Big Bang Theory: Season 9: The Meemaw Materialization","08/10/20"
"The Big Bang Theory: Season 9: The Empathy Optimization","08/10/20"
"How to Get Away With Murder: Season 4: Stay Strong, Mama","08/10/20"
"The Big Bang Theory: Season 9: The Sales Call Sublimation","07/10/20"
"The Big Bang Theory: Season 9: The Opening Night Excitation","07/10/20"
"The Big Bang Theory: Season 9: The Earworm Reverberation","07/10/20"
"How to Get Away With Murder: Season 4: I Love Her","07/10/20"
"How to Get Away With Murder: Season 4: Was She Ever Good at Her Job?","07/10/20"
"The Social Dilemma","07/10/20"
"How to Get Away With Murder: Season 4: It's for the Greater Good","07/10/20"
"How to Get Away With Murder: Season 4: I'm Not Her","07/10/20"
"How to Get Away With Murder: Season 4: I'm Going Away","07/10/20"
"Emily in Paris: Season 1: Cancel Couture","07/10/20"
"Emily in Paris: Season 1: An American Auction in Paris","06/10/20"
"Emily in Paris: Season 1: Family Affair","06/10/20"
"Emily in Paris: Season 1: French Ending","06/10/20"
"Emily in Paris: Season 1: Ringarde","06/10/20"
"Emily in Paris: Season 1: Faux Amis","06/10/20"
"Emily in Paris: Season 1: A Kiss Is Just a Kiss","06/10/20"
"Emily in Paris: Season 1: Sexy or Sexist","06/10/20"
"Emily in Paris: Season 1: Masculin Féminin","06/10/20"
"Emily in Paris: Season 1: Emily in Paris","06/10/20"
"How to Get Away With Murder: Season 3: Wes","06/10/20"
"How to Get Away With Murder: Season 3: He Made a Terrible Mistake","06/10/20"
"How to Get Away With Murder: Season 3: It's War","05/10/20"
"The Big Bang Theory: Season 9: The Platonic Permutation","05/10/20"
"The Big Bang Theory: Season 9: The Mystery Date Observation","05/10/20"
"The Big Bang Theory: Season 9: The Spock Resonance","05/10/20"
"How to Get Away With Murder: Season 3: Go Cry Somewhere Else","05/10/20"
"How to Get Away With Murder: Season 3: Not Everything's About Annalise","05/10/20"
"How to Get Away With Murder: Season 3: We're Bad People","04/10/20"
"How to Get Away With Murder: Season 3: Who's Dead?","04/10/20"
"How to Get Away With Murder: Season 3: No More Blood","04/10/20"
"How to Get Away With Murder: Season 3: Call It Mother's Intuition","04/10/20"
"How to Get Away With Murder: Season 3: Is Someone Really Dead?","04/10/20"
"How to Get Away With Murder: Season 3: It's About Frank","04/10/20"
"How to Get Away With Murder: Season 3: Don't Tell Annalise","04/10/20"
"How to Get Away With Murder: Season 3: Always Bet Black","04/10/20"
"How to Get Away With Murder: Season 3: There Are Worse Things Than Murder","04/10/20"
"The Big Bang Theory: Season 9: The Helium Insufficiency","02/10/20"
"The Big Bang Theory: Season 9: The Perspiration Implementation","02/10/20"
"The Big Bang Theory: Season 9: The 2003 Approximation","02/10/20"
"How to Get Away With Murder: Season 3: We're Good People Now","02/10/20"
"How to Get Away With Murder: Season 2: Anna Mae","02/10/20"
"How to Get Away With Murder: Season 2: There's My Baby","02/10/20"
"How to Get Away With Murder: Season 2: Something Bad Happened","02/10/20"
"How to Get Away With Murder: Season 2: It's a Trap","02/10/20"
"How to Get Away With Murder: Season 2: She Hates Us","01/10/20"
"How to Get Away With Murder: Season 2: What Happened to You, Annalise?","01/10/20"
"The Big Bang Theory: Season 9: The Bachelor Party Corrosion","30/09/20"
"The Big Bang Theory: Season 9: The Separation Oscillation","30/09/20"
"The Big Bang Theory: Season 9: The Matrimonial Momentum","30/09/20"
"The Big Bang Theory: Season 8: The Commitment Determination","30/09/20"
"How to Get Away With Murder: Season 2: What Did We Do?","30/09/20"
"How to Get Away With Murder: Season 2: Hi, I'm Philip","30/09/20"
"The Big Bang Theory: Season 8: The Maternal Combustion","29/09/20"
"How to Get Away With Murder: Season 2: I Want You to Die","26/09/20"
"How to Get Away With Murder: Season 2: Two Birds, One Millstone","25/09/20"
"How to Get Away With Murder: Season 2: Meet Bonnie","25/09/20"
"How to Get Away With Murder: Season 2: Skanks Get Shanked","25/09/20"
"How to Get Away With Murder: Season 2: It's Called the Octopus","23/09/20"
"How to Get Away With Murder: Season 2: She's Dying","23/09/20"
"How to Get Away With Murder: Season 2: It's Time to Move On","22/09/20"
"How to Get Away With Murder: Season 1: It's All My Fault","22/09/20"
"How to Get Away With Murder: Season 1: The Night Lila Died","22/09/20"
"How to Get Away With Murder: Season 1: Mama's Here Now","22/09/20"
"How to Get Away With Murder: Season 1: She's a Murderer","22/09/20"
"How to Get Away With Murder: Season 1: Best Christmas Ever","22/09/20"
"How to Get Away With Murder: Season 1: Hello Raskolnikov","22/09/20"
"The Big Bang Theory: Season 8: The Graduation Transmission","20/09/20"
"How to Get Away With Murder: Season 1: Kill Me, Kill Me, Kill Me","20/09/20"
"The Big Bang Theory: Season 8: The Communication Deterioration","20/09/20"
"The Big Bang Theory: Season 8: The Fortification Implementation","20/09/20"
"How to Get Away With Murder: Season 1: He Has a Wife","20/09/20"
"How to Get Away With Murder: Season 1: He Deserved to Die","20/09/20"
"How to Get Away With Murder: Season 1: Freakin' Whack-a-Mole","20/09/20"
"The Big Bang Theory: Season 8: The Skywalker Incursion","18/09/20"
"The Big Bang Theory: Season 8: The Leftover Thermalization","18/09/20"
"The Big Bang Theory: Season 8: The Colonization Application","18/09/20"
"How to Get Away With Murder: Season 1: We're Not Friends","18/09/20"
"How to Get Away With Murder: Season 1: Let's Get to Scooping","18/09/20"
"How to Get Away With Murder: Season 1: Smile, or Go to Jail","18/09/20"
"The Big Bang Theory: Season 8: The Intimacy Acceleration","17/09/20"
"The Big Bang Theory: Season 8: The Comic Book Store Regeneration","17/09/20"
"The Big Bang Theory: Season 8: The Troll Manifestation","17/09/20"
"The Big Bang Theory: Season 8: The Anxiety Optimization","17/09/20"
"How to Get Away With Murder: Season 1: It's All Her Fault","17/09/20"
"How to Get Away With Murder: Season 1: Pilot","17/09/20"
"Friends: Season 1: The One Where Nana Dies Twice","17/09/20"
"The Big Bang Theory: Season 8: The Space Probe Disintegration","16/09/20"
"The Big Bang Theory: Season 8: The Clean Room Infiltration","16/09/20"
"The Big Bang Theory: Season 8: The Champagne Reflection","16/09/20"
"The Big Bang Theory: Season 8: The Septum Deviation","16/09/20"
"The Big Bang Theory: Season 8: The Prom Equivalency","16/09/20"
"The Big Bang Theory: Season 8: The Misinterpretation Agitation","16/09/20"
"The Big Bang Theory: Season 8: The Expedition Approximation","16/09/20"
"The Big Bang Theory: Season 8: The Focus Attenuation","16/09/20"
"The Big Bang Theory: Season 8: The Hook-Up Reverberation","15/09/20"
"The Big Bang Theory: Season 8: The First Pitch Insufficiency","15/09/20"
"Class of '83","15/09/20"
"Friends: Season 1: The One Where Underdog Gets Away","15/09/20"
"Insatiable: Season 2: The Most You You Can Be","15/09/20"
"Insatiable: Season 2: Ladybomb","15/09/20"
"Insatiable: Season 2: Pretty in Prison","15/09/20"
"Insatiable: Season 2: Full Brazilian","14/09/20"
"Insatiable: Season 2: Eat and Run","14/09/20"
"The Big Bang Theory: Season 8: The Junior Professor Solution","14/09/20"
"The Big Bang Theory: Season 8: The Locomotion Interruption","14/09/20"
"The Big Bang Theory: Season 7: The Status Quo Combustion","13/09/20"
"The Big Bang Theory: Season 7: The Gorilla Dissolution","13/09/20"
"The Big Bang Theory: Season 7: The Proton Transmogrification","13/09/20"
"Insatiable: Season 2: Finding Magnolia","13/09/20"
"Insatiable: Season 2: Poison Patty","13/09/20"
"Insatiable: Season 2: Boomerang","13/09/20"
"Insatiable: Season 2: Dead Girl","13/09/20"
"Insatiable: Season 2: Pig","13/09/20"
"Insatiable: Season 1: Why Bad Things Happen","13/09/20"
"Insatiable: Season 1: Winners Win. Period.","12/09/20"
"The Big Bang Theory: Season 7: The Anything Can Happen Recurrence","12/09/20"
"The Big Bang Theory: Season 7: The Relationship Diremption","12/09/20"
"The Big Bang Theory: Season 7: The Indecision Amalgamation","12/09/20"
"Insatiable: Season 1: Banana Heart Banana","12/09/20"
"Insatiable: Season 1: Bad Kitty","12/09/20"
"Insatiable: Season 1: Wieners and Losers","12/09/20"
"Insatiable: Season 1: Miss Magic Jesus","12/09/20"
"Insatiable: Season 1: Dunk 'N' Donut","12/09/20"
"Insatiable: Season 1: Bikinis and Bitches","12/09/20"
"The Big Bang Theory: Season 7: The Mommy Observation","11/09/20"
"The Big Bang Theory: Season 7: The Friendship Turbulence","11/09/20"
"The Big Bang Theory: Season 7: The Table Polarization","11/09/20"
"Insatiable: Season 1: WMBS","11/09/20"
"Insatiable: Season 1: Miss Bareback Buckaroo","11/09/20"
"The Big Bang Theory: Season 7: The Locomotive Manipulation","11/09/20"
"Insatiable: Season 1: Skinny Is Magic","11/09/20"
"Insatiable: Season 1: Pilot","11/09/20"
"The Big Bang Theory: Season 7: The Convention Conundrum","10/09/20"
"The Big Bang Theory: Season 7: The Occupation Recalibration","10/09/20"
"The Big Bang Theory: Season 7: The Hesitation Ramification","09/09/20"
"The Big Bang Theory: Season 7: The Cooper Extraction","09/09/20"
"The Big Bang Theory: Season 7: The Discovery Dissipation","09/09/20"
"The Big Bang Theory: Season 7: The Thanksgiving Decoupling","09/09/20"
"The Big Bang Theory: Season 7: The Itchy Brain Simulation","09/09/20"
"Friends: Season 1: The One with the Blackout","09/09/20"
"The Big Bang Theory: Season 7: The Proton Displacement","07/09/20"
"The Big Bang Theory: Season 7: The Romance Resonance","06/09/20"
"Gunjan Saxena: The Kargil Girl","05/09/20"
"The Big Bang Theory: Season 7: The Workplace Proximity","05/09/20"
"Brooklyn Nine-Nine: Season 6: The Suicide Squad","05/09/20"
"Brooklyn Nine-Nine: Season 6: Sicko","05/09/20"
"Brooklyn Nine-Nine: Season 6: Cinco de Mayo","05/09/20"
"Brooklyn Nine-Nine: Season 6: Return of the King","05/09/20"
"Brooklyn Nine-Nine: Season 6: Ticking Clocks","05/09/20"
"Brooklyn Nine-Nine: Season 6: The Bimbo","04/09/20"
"Brooklyn Nine-Nine: Season 6: Casecation","04/09/20"
"Brooklyn Nine-Nine: Season 6: The Therapist","04/09/20"
"Brooklyn Nine-Nine: Season 6: Gintars","04/09/20"
"Brooklyn Nine-Nine: Season 6: The Golden Child","03/09/20"
"Brooklyn Nine-Nine: Season 6: He Said, She Said","03/09/20"
"Brooklyn Nine-Nine: Season 6: The Honeypot","03/09/20"
"Brooklyn Nine-Nine: Season 6: The Crime Scene","03/09/20"
"Brooklyn Nine-Nine: Season 6: A Tale of Two Bandits","03/09/20"
"Brooklyn Nine-Nine: Season 6: Four Movements","03/09/20"
"Brooklyn Nine-Nine: Season 6: The Tattler","03/09/20"
"Brooklyn Nine-Nine: Season 6: Hitchcock & Scully","03/09/20"
"Brooklyn Nine-Nine: Season 6: Honeymoon","03/09/20"
"Brooklyn Nine-Nine: Season 5: Jake & Amy","03/09/20"
"Brooklyn Nine-Nine: Season 5: White Whale","03/09/20"
"Brooklyn Nine-Nine: Season 5: Show Me Going","03/09/20"
"Brooklyn Nine-Nine: Season 5: Bachelor/ette Party","03/09/20"
"Brooklyn Nine-Nine: Season 5: Gray Star Mutual","03/09/20"
"Brooklyn Nine-Nine: Season 5: DFW","03/09/20"
"Brooklyn Nine-Nine: Season 5: NutriBoom","03/09/20"
"Brooklyn Nine-Nine: Season 5: The Puzzle Master","03/09/20"
"Brooklyn Nine-Nine: Season 5: The Box","02/09/20"
"Brooklyn Nine-Nine: Season 5: The Negotiation","02/09/20"
"Brooklyn Nine-Nine: Season 5: Safe House","02/09/20"
"The Big Bang Theory: Season 7: The Raiders Minimization","02/09/20"
"The Big Bang Theory: Season 7: The Scavenger Vortex","02/09/20"
"Brooklyn Nine-Nine: Season 5: The Favor","02/09/20"
"Brooklyn Nine-Nine: Season 5: Game Night","02/09/20"
"Brooklyn Nine-Nine: Season 5: 99","02/09/20"
"Brooklyn Nine-Nine: Season 5: Return to Skyfire","02/09/20"
"Brooklyn Nine-Nine: Season 5: Two Turkeys","02/09/20"
"Brooklyn Nine-Nine: Season 5: The Venue","02/09/20"
"Brooklyn Nine-Nine: Season 5: Bad Beat","02/09/20"
"Brooklyn Nine-Nine: Season 5: HalloVeen","02/09/20"
"The Big Bang Theory: Season 7: The Deception Verification","01/09/20"
"The Big Bang Theory: Season 7: The Hofstadter Insufficiency","01/09/20"
"Brooklyn Nine-Nine: Season 5: Kicks","01/09/20"
"Brooklyn Nine-Nine: Season 5: The Big House, Pt. 2","01/09/20"
"Brooklyn Nine-Nine: Season 5: The Big House, Pt. 1","01/09/20"
"Brooklyn Nine-Nine: Season 4: Crime & Punishment","01/09/20"
"Brooklyn Nine-Nine: Season 4: The Bank Job","01/09/20"
"Brooklyn Nine-Nine: Season 4: The Slaughterhouse","01/09/20"
"Brooklyn Nine-Nine: Season 4: Your Honor","01/09/20"
"Brooklyn Nine-Nine: Season 4: Chasing Amy","01/09/20"
"Brooklyn Nine-Nine: Season 4: Cop-Con","01/09/20"
"Brooklyn Nine-Nine: Season 4: Moo Moo","01/09/20"
"Brooklyn Nine-Nine: Season 4: The Last Ride","01/09/20"
"Brooklyn Nine-Nine: Season 4: Serve & Protect","01/09/20"
"Brooklyn Nine-Nine: Season 4: The Audit","31/08/20"
"Brooklyn Nine-Nine: Season 4: The Fugitive: Part 2","31/08/20"
"The Big Bang Theory: Season 6: The Bon Voyage Reaction","31/08/20"
"Brooklyn Nine-Nine: Season 4: The Fugitive: Part 1","31/08/20"
"Brooklyn Nine-Nine: Season 4: Captain Latvia","31/08/20"
"The Big Bang Theory: Season 6: The Love Spell Potential","31/08/20"
"The Big Bang Theory: Season 6: The Proton Resurgence","31/08/20"
"The Big Bang Theory: Season 6: The Closure Alternative","31/08/20"
"The Big Bang Theory: Season 6: The Tenure Turbulence","31/08/20"
"Brooklyn Nine-Nine: Season 4: The Overmining","31/08/20"
"Brooklyn Nine-Nine: Season 4: Skyfire Cycle","31/08/20"
"Brooklyn Nine-Nine: Season 4: Mr. Santiago","31/08/20"
"Brooklyn Nine-Nine: Season 4: Monster in the Closet","31/08/20"
"Brooklyn Nine-Nine: Season 1: Halloween","31/08/20"
"Brooklyn Nine-Nine: Season 4: Halloween IV","31/08/20"
"Brooklyn Nine-Nine: Season 4: The Night Shift","31/08/20"
"Brooklyn Nine-Nine: Season 4: Coral Palms: Part 3","31/08/20"
"Brooklyn Nine-Nine: Season 4: Coral Palms: Part 2","31/08/20"
"Brooklyn Nine-Nine: Season 4: Coral Palms: Part 1","31/08/20"
"The Big Bang Theory: Season 6: The Closet Reconfiguration","30/08/20"
"The Big Bang Theory: Season 6: The Contractual Obligation Implementation","30/08/20"
"Brooklyn Nine-Nine: Season 3: Greg and Larry","30/08/20"
"Brooklyn Nine-Nine: Season 3: The Bureau","30/08/20"
"Brooklyn Nine-Nine: Season 3: Maximum Security","30/08/20"
"Brooklyn Nine-Nine: Season 3: Paranoia","30/08/20"
"Brooklyn Nine-Nine: Season 3: Terry Kitties","30/08/20"
"Brooklyn Nine-Nine: Season 3: Cheddar","30/08/20"
"Brooklyn Nine-Nine: Season 3: Adrian Pimento","30/08/20"
"Brooklyn Nine-Nine: Season 3: House Mouses","30/08/20"
"Brooklyn Nine-Nine: Season 3: The 9-8","30/08/20"
"Brooklyn Nine-Nine: Season 3: Karen Peralta","30/08/20"
"Brooklyn Nine-Nine: Season 3: The Cruise","30/08/20"
"Brooklyn Nine-Nine: Season 3: 9 Days","30/08/20"
"Brooklyn Nine-Nine: Season 3: Hostage Situation","29/08/20"
"Brooklyn Nine-Nine: Season 3: Yippie Kayak","29/08/20"
"Brooklyn Nine-Nine: Season 3: The Swedes","29/08/20"
"Brooklyn Nine-Nine: Season 3: Ava","29/08/20"
"Brooklyn Nine-Nine: Season 3: The Mattress","29/08/20"
"Brooklyn Nine-Nine: Season 3: Into the Woods","29/08/20"
"Brooklyn Nine-Nine: Season 3: Halloween Part III","29/08/20"
"Brooklyn Nine-Nine: Season 3: The Oolong Slayer","29/08/20"
"Brooklyn Nine-Nine: Season 3: Boyle's Hunch","29/08/20"
"Brooklyn Nine-Nine: Season 3: The Funeral","29/08/20"
"Brooklyn Nine-Nine: Season 3: New Captain","29/08/20"
"Brooklyn Nine-Nine: Season 2: Johnny and Dora","28/08/20"
"Brooklyn Nine-Nine: Season 2: The Chopper","28/08/20"
"Brooklyn Nine-Nine: Season 2: Det. Dave Majors","28/08/20"
"Brooklyn Nine-Nine: Season 2: AC/DC","28/08/20"
"Brooklyn Nine-Nine: Season 2: Sabotage","28/08/20"
"Brooklyn Nine-Nine: Season 2: Captain Peralta","28/08/20"
"Brooklyn Nine-Nine: Season 2: Boyle-Linetti Wedding","28/08/20"
"Brooklyn Nine-Nine: Season 2: The Wednesday Incident","28/08/20"
"Brooklyn Nine-Nine: Season 2: Windbreaker City","28/08/20"
"Brooklyn Nine-Nine: Season 2: The Defense Rests","28/08/20"
"Brooklyn Nine-Nine: Season 2: Payback","28/08/20"
"Brooklyn Nine-Nine: Season 2: Beach House","28/08/20"
"The Big Bang Theory: Season 6: The Monster Isolation","27/08/20"
"Brooklyn Nine-Nine: Season 2: Stakeout","27/08/20"
"Brooklyn Nine-Nine: Season 2: The Pontiac Bandit Returns","27/08/20"
"Brooklyn Nine-Nine: Season 2: The Road Trip","27/08/20"
"Brooklyn Nine-Nine: Season 2: USPIS","27/08/20"
"Brooklyn Nine-Nine: Season 2: Lockdown","27/08/20"
"Brooklyn Nine-Nine: Season 2: Jake and Sophia","27/08/20"
"Brooklyn Nine-Nine: Season 2: The Mole","27/08/20"
"Brooklyn Nine-Nine: Season 2: Halloween II","27/08/20"
"Brooklyn Nine-Nine: Season 2: The Jimmy Jab Games","27/08/20"
"Brooklyn Nine-Nine: Season 2: Chocolate Milk","27/08/20"
"Brooklyn Nine-Nine: Season 2: Undercover","27/08/20"
"Brooklyn Nine-Nine: Season 1: Charges and Specs","26/08/20"
"Brooklyn Nine-Nine: Season 1: Unsolvable","26/08/20"
"Brooklyn Nine-Nine: Season 1: Fancy Brudgom","26/08/20"
"Brooklyn Nine-Nine: Season 1: Tactical Village","26/08/20"
"The Big Bang Theory: Season 6: The Tangible Affection Proof","26/08/20"
"The Big Bang Theory: Season 6: The Spoiler Alert Segmentation","26/08/20"
"The Big Bang Theory: Season 6: The Cooper/Kripke Inversion","26/08/20"
"Brooklyn Nine-Nine: Season 1: The Apartment","26/08/20"
"Brooklyn Nine-Nine: Season 1: Full Boyle","26/08/20"
"Brooklyn Nine-Nine: Season 1: The Party","26/08/20"
"Brooklyn Nine-Nine: Season 1: Operation: Broken Feather","26/08/20"
"Brooklyn Nine-Nine: Season 1: The Ebony Falcon","26/08/20"
"Brooklyn Nine-Nine: Season 1: The Bet","26/08/20"
"Brooklyn Nine-Nine: Season 1: Pontiac Bandit","26/08/20"
"Brooklyn Nine-Nine: Season 1: Christmas","26/08/20"
"Brooklyn Nine-Nine: Season 1: Thanksgiving","26/08/20"
"Brooklyn Nine-Nine: Season 1: Sal's Pizza","25/08/20"
"Brooklyn Nine-Nine: Season 1: Old School","25/08/20"
"Brooklyn Nine-Nine: Season 1: 48 Hours","25/08/20"
"Brooklyn Nine-Nine: Season 1: The Vulture","25/08/20"
"Brooklyn Nine-Nine: Season 1: M.E. Time","25/08/20"
"Brooklyn Nine-Nine: Season 1: The Slump","25/08/20"
"Brooklyn Nine-Nine: Season 1: The Tagger","25/08/20"
"Brooklyn Nine-Nine: Season 1: Pilot","25/08/20"
"Friends: Season 1: The One with the Butt","25/08/20"
"The Big Bang Theory: Season 6: The Bakersfield Expedition","25/08/20"
"Friends: Season 1: The One with the East German Laundry Detergent","25/08/20"
"Five Feet Apart","24/08/20"
"Friends: Season 1: The One with George Stephanopoulos","23/08/20"
"Riverdale: Season 4: Chapter Seventy-Six: Killing Mr. Honey","23/08/20"
"Riverdale: Season 4: Chapter Seventy-Five: Lynchian","23/08/20"
"Riverdale: Season 4: Chapter Seventy-Four: Wicked Little Town","23/08/20"
"Riverdale: Season 4: Chapter Seventy-Three: The Locked Room","23/08/20"
"Riverdale: Season 4: Chapter Seventy-Two: To Die For","23/08/20"
"Riverdale: Season 4: Chapter Seventy-One: How To Get Away With Murder","23/08/20"
"Riverdale: Season 4: Chapter Seventy: The Ides of March","23/08/20"
"Riverdale: Season 4: Chapter Sixty-Nine: Men of Honor","22/08/20"
"1983: Season 1: Entanglement","22/08/20"
"Riverdale: Season 4: Chapter Sixty-Eight Quiz Show","22/08/20"
"Riverdale: Season 4: Chapter Sixty-Seven: Varsity Blues","22/08/20"
"Riverdale: Season 4: Chapter Sixty-Six: Tangerine","22/08/20"
"Riverdale: Season 4: Chapter Sixty-Five: “In Treatment”","21/08/20"
"Riverdale: Season 4: Chapter Sixty-Four: “The Ice Storm”","21/08/20"
"Riverdale: Season 4: Chapter Sixty-Three: “Hereditary”","21/08/20"
"Riverdale: Season 4: Chapter Sixty-Two: Witness for the Prosecution","21/08/20"
"Riverdale: Season 4: Chapter Sixty-One: “Halloween”","21/08/20"
"Riverdale: Season 4: Chapter Sixty: Dog Day Afternoon","21/08/20"
"Riverdale: Season 4: Chapter Fifty-Nine: Fast Times at Riverdale High","21/08/20"
"Riverdale: Season 4: Chapter Fifty-Eight: In Memoriam","21/08/20"
"The Big Bang Theory: Season 6: The Egg Salad Equivalency","20/08/20"
"The Big Bang Theory: Season 6: The Santa Simulation","20/08/20"
"The Big Bang Theory: Season 6: The Fish Guts Displacement","20/08/20"
"Riverdale: Season 3: Chapter Fifty-Seven: Survive the Night","20/08/20"
"Riverdale: Season 3: Chapter Fifty-Six: The Dark Secret of Harvest House","20/08/20"
"Riverdale: Season 3: Chapter Fifty-Five: Prom Night","20/08/20"
"The Big Bang Theory: Season 6: The Parking Spot Escalation","20/08/20"
"The Big Bang Theory: Season 6: The 43 Peculiarity","20/08/20"
"Riverdale: Season 3: Chapter Fifty-Four: “Fear the Reaper”","20/08/20"
"Riverdale: Season 3: Chapter Fifty-Three: Jawbreaker","20/08/20"
"Riverdale: Season 3: Chapter Fifty-Two: “The Raid”","20/08/20"
"Riverdale: Season 3: Chapter Fifty-One: Big Fun","20/08/20"
"Riverdale: Season 3: Chapter Fifty: American Dreams","20/08/20"
"Riverdale: Season 3: Chapter Forty-Nine: Fire Walk With Me","20/08/20"
"The Big Bang Theory: Season 6: The Habitation Configuration","18/08/20"
"The Big Bang Theory: Season 6: The Extract Obliteration","18/08/20"
"Friends: Season 1: The One with the Sonogram at the End","18/08/20"
"The Big Bang Theory: Season 6: The Holographic Excitation","17/08/20"
"The Big Bang Theory: Season 6: The Re-Entry Minimization","17/08/20"
"The Big Bang Theory: Season 6: The Higgs Boson Observation","17/08/20"
"Friends: Season 1: The One Where Monica Gets a Roommate (Pilot)","17/08/20"
"Friends: Season 1: The One with Mrs. Bing","17/08/20"
"Riverdale: Season 3: Chapter Forty-Eight: Requiem for a Welterweight","17/08/20"
"Riverdale: Season 3: Chapter	Forty-Seven:	Bizarrodale","16/08/20"
"Riverdale: Season 3: Chapter Forty-Six: The Red Dahlia","16/08/20"
"The Big Bang Theory: Season 6: The Decoupling Fluctuation","14/08/20"
"Riverdale: Season 3: Chapter Forty-Five: The Stranger","14/08/20"
"Riverdale: Season 3: Chapter Forty-Four: No Exit","14/08/20"
"Riverdale: Season 3: Chapter Forty-Three: Outbreak","14/08/20"
"Riverdale: Season 3: Chapter Forty-Two: The Man in Black","14/08/20"
"Riverdale: Season 3: Chapter Forty-One: Manhunter","14/08/20"
"Riverdale: Season 3: Chapter Forty: The Great Escape","14/08/20"
"Riverdale: Season 3: Chapter Thirty-Nine: The Midnight Club","13/08/20"
"Riverdale: Season 3: Chapter Thirty-Eight: “As Above, So Below”","13/08/20"
"Riverdale: Season 3: Chapter Thirty-Seven: Fortune and Men's Eyes","12/08/20"
"Riverdale: Season 3: Chapter Thirty-Six: Labor Day","12/08/20"
"Riverdale: Season 2: Chapter Thirty-Five: Brave New World","12/08/20"
"Riverdale: Season 2: Chapter Thirty-Four: Judgment Night","12/08/20"
"Riverdale: Season 2: Chapter Thirty-Three: Shadow of a Doubt","12/08/20"
"Riverdale: Season 2: Chapter Thirty-Two: Prisoners","11/08/20"
"Riverdale: Season 2: Chapter Thirty-One: A Night to Remember","11/08/20"
"The Big Bang Theory: Season 6: The Date Night Variable","11/08/20"
"The Big Bang Theory: Season 5: The Countdown Reflection","11/08/20"
"Riverdale: Season 2: Chapter Thirty: The Noose Tightens","11/08/20"
"Riverdale: Season 2: Chapter Twenty-Nine: Primary Colors","11/08/20"
"Riverdale: Season 2: Chapter Twenty-Eight: There Will Be Blood","11/08/20"
"Riverdale: Season 2: Chapter Twenty-Seven: The Hills Have Eyes","11/08/20"
"Riverdale: Season 2: Chapter Twenty-Six: The Tell-Tale Heart","10/08/20"
"Riverdale: Season 2: Chapter Twenty-Five: The Wicked and the Divine","10/08/20"
"Riverdale: Season 2: Chapter Twenty-Four: The Wrestler","10/08/20"
"Riverdale: Season 2: Chapter Twenty-Two: Silent Night, Deadly Night","09/08/20"
"The Big Bang Theory: Season 5: The Stag Convergence","09/08/20"
"The Big Bang Theory: Season 5: The Hawking Excitation","09/08/20"
"The Big Bang Theory: Season 5: The Transporter Malfunction","09/08/20"
"The Big Bang Theory: Season 5: The Launch Acceleration","09/08/20"
"Riverdale: Season 2: Chapter Twenty-Three: The Blackboard Jungle","09/08/20"
"The Big Bang Theory: Season 5: The Weekend Vortex","08/08/20"
"Riverdale: Season 2: Chapter Twenty-One: House of the Devil","08/08/20"
"Riverdale: Season 2: Chapter Twenty: Tales from the Darkside","07/08/20"
"The Big Bang Theory: Season 5: The Werewolf Transformation","07/08/20"
"The Big Bang Theory: Season 5: The Rothman Disintegration","07/08/20"
"The Big Bang Theory: Season 5: The Vacation Solution","07/08/20"
"The Big Bang Theory: Season 5: The Friendship Contraction","07/08/20"
"The Big Bang Theory: Season 5: The Beta Test Initiation","07/08/20"
"Friends: Season 1: The One with the Thumb","07/08/20"
"Riverdale: Season 2: Chapter Nineteen: Death Proof","07/08/20"
"Riverdale: Season 2: Chapter Eighteen: When a Stranger Calls","07/08/20"
"Friends: Season 6: The One with the Proposal: Part 2","07/08/20"
"Riverdale: Season 2: Chapter Seventeen: The Town That Dreaded Sundown","07/08/20"
"The Big Bang Theory: Season 5: The Recombination Hypothesis","06/08/20"
"The Big Bang Theory: Season 5: The Shiny Trinket Maneuver","06/08/20"
"The Big Bang Theory: Season 5: The Speckerman Recurrence","06/08/20"
"The Big Bang Theory: Season 5: The Flaming Spittoon Acquisition","06/08/20"
"The Big Bang Theory: Season 5: The Ornithophobia Diffusion","06/08/20"
"Riverdale: Season 2: Chapter Sixteen: The Watcher in the Woods","06/08/20"
"Riverdale: Season 2: Chapter Fifteen: Nighthawks","06/08/20"
"Riverdale: Season 2: Chapter Fourteen: A Kiss Before Dying","06/08/20"
"Riverdale: Season 1: Chapter Thirteen: The Sweet Hereafter","05/08/20"
"Riverdale: Season 1: Chapter Twelve: Anatomy of a Murder","05/08/20"
"Riverdale: Season 1: Chapter Eleven: To Riverdale and Back Again","05/08/20"
"Riverdale: Season 1: Chapter Ten: The Lost Weekend","05/08/20"
"Riverdale: Season 1: Chapter Nine: La Grande Illusion","05/08/20"
"Riverdale: Season 1: Chapter Eight: The Outsiders","04/08/20"
"The Big Bang Theory: Season 5: The Isolation Permutation","04/08/20"
"The Big Bang Theory: Season 5: The Good Guy Fluctuation","04/08/20"
"Riverdale: Season 1: Chapter Seven: In a Lonely Place","04/08/20"
"The Big Bang Theory: Season 5: The Rhinitis Revelation","04/08/20"
"Riverdale: Season 1: Chapter Six: Faster, Pussycats! Kill! Kill!","04/08/20"
"The Big Bang Theory: Season 5: The Russian Rocket Reaction","03/08/20"
"The Big Bang Theory: Season 5: The Wiggly Finger Catalyst","03/08/20"
"Riverdale: Season 1: Chapter Five: Heart of Darkness","03/08/20"
"Riverdale: Season 1: Chapter Four: The Last Picture Show","03/08/20"
"Riverdale: Season 1: Chapter Three: Body Double","02/08/20"
"The Big Bang Theory: Season 5: The Pulled Groin Extrapolation","02/08/20"
"The Big Bang Theory: Season 5: The Infestation Hypothesis","02/08/20"
"Riverdale: Season 1: Chapter Two: Touch of Evil","02/08/20"
"The Big Bang Theory: Season 5: The Skank Reflex Analysis","02/08/20"
"The Big Bang Theory: Season 4: The Roommate Transmogrification","01/08/20"
"The Big Bang Theory: Season 4: The Engagement Reaction","01/08/20"
"The Big Bang Theory: Season 4: The Wildebeest Implementation","01/08/20"
"Stranger Things: Stranger Things 3: Chapter Eight: The Battle of Starcourt","01/08/20"
"Stranger Things: Stranger Things 3: Chapter Seven: The Bite","01/08/20"
"Stranger Things: Stranger Things 3: Chapter Six: E Pluribus Unum","01/08/20"
"Stranger Things: Stranger Things 3: Chapter Five: The Flayed","01/08/20"
"Stranger Things: Stranger Things 3: Chapter Four: The Sauna Test","01/08/20"
"Stranger Things: Stranger Things 3: Chapter Three: The Case of the Missing Lifeguard","01/08/20"
"Stranger Things: Stranger Things 3: Chapter Two: The Mall Rats","01/08/20"
"Stranger Things: Stranger Things 3: Chapter One: Suzie, Do You Copy?","01/08/20"
"Stranger Things: Stranger Things 2: Chapter Nine: The Gate","01/08/20"
"Stranger Things: Stranger Things 2: Chapter Eight: The Mind Flayer","31/07/20"
"Stranger Things: Stranger Things 2: Chapter Seven: The Lost Sister","31/07/20"
"Stranger Things: Stranger Things 2: Chapter Six: The Spy","31/07/20"
"Stranger Things: Stranger Things 2: Chapter Five: Dig Dug","31/07/20"
"Stranger Things: Stranger Things 2: Chapter Four: Will the Wise","31/07/20"
"Stranger Things: Stranger Things 2: Chapter Three: The Pollywog","31/07/20"
"Stranger Things: Stranger Things 2: Chapter Two: Trick or Treat, Freak","31/07/20"
"The Big Bang Theory: Season 4: The Agreement Dissection","30/07/20"
"The Big Bang Theory: Season 4: The Herb Garden Germination","30/07/20"
"The Big Bang Theory: Season 4: The Zarnecki Incursion","30/07/20"
"Stranger Things: Stranger Things 2: Chapter One: MADMAX","30/07/20"
"The Big Bang Theory: Season 4: The Prestidigitation Approximation","30/07/20"
"Stranger Things: Chapter Eight: The Upside Down","30/07/20"
"Stranger Things: Chapter Seven: The Bathtub","30/07/20"
"Stranger Things: Chapter Six: The Monster","30/07/20"
"Stranger Things: Chapter Five: The Flea and the Acrobat","29/07/20"
"The Big Bang Theory: Season 4: The Toast Derivation","29/07/20"
"The Big Bang Theory: Season 4: The Cohabitation Formulation","29/07/20"
"The Big Bang Theory: Season 4: The Benefactor Factor","29/07/20"
"Stranger Things: Chapter Four: The Body","29/07/20"
"Stranger Things: Chapter Three: Holly, Jolly","29/07/20"
"Stranger Things: Chapter Two: The Weirdo on Maple Street","29/07/20"
"The Big Bang Theory: Season 4: The Thespian Catalyst","29/07/20"
"The Big Bang Theory: Season 4: The Love Car Displacement","29/07/20"
"Stranger Things: Chapter One: The Vanishing of Will Byers","29/07/20"
"The Big Bang Theory: Season 4: The Bus Pants Utilization","28/07/20"
"The Big Bang Theory: Season 4: The Justice League Recombination","28/07/20"
"The Big Bang Theory: Season 4: The Alien Parasite Hypothesis","28/07/20"
"The Big Bang Theory: Season 4: The Boyfriend Complexity","28/07/20"
"The Big Bang Theory: Season 4: The 21-Second Excitation","28/07/20"
"The Big Bang Theory: Season 4: The Apology Insufficiency","27/07/20"
"The Big Bang Theory: Season 4: The Irish Pub Formulation","27/07/20"
"The Big Bang Theory: Season 4: The Desperation Emanation","27/07/20"
"The Big Bang Theory: Season 4: The Hot Troll Deviation","27/07/20"
"Dynasty: Season 3: My Hangover's Arrived","27/07/20"
"Dynasty: Season 3: Robin Hood Rescues","27/07/20"
"Dynasty: Season 3: You Make Being a Priest Sound Like Something Bad","27/07/20"
"The Big Bang Theory: Season 4: The Zazzy Substitution","27/07/20"
"The Big Bang Theory: Season 4: The Cruciferous Vegetable Amplification","27/07/20"
"The Big Bang Theory: Season 4: The Robotic Manipulation","27/07/20"
"Dynasty: Season 3: She Cancelled …","27/07/20"
"Dynasty: Season 3: Is the Next Surgery on the House?","27/07/20"
"Dynasty: Season 3: Up a Tree","27/07/20"
"Dynasty: Season 3: That Wicked Stepmother","26/07/20"
"The Big Bang Theory: Season 3: The Lunar Excitation","26/07/20"
"The Big Bang Theory: Season 3: The Staircase Implementation","26/07/20"
"Dynasty: Season 3: You See Most Things in Terms of Black and White","26/07/20"
"Dynasty: Season 3: Battle Lines","26/07/20"
"Dynasty: Season 3: A Wound That May Never Heal","25/07/20"
"Suits: Season 1: Pilot Part 1 & 2","24/07/20"
"Dynasty: Season 3: What Sorrows Are You Drowning?","24/07/20"
"Dynasty: Season 3: The Caviar, I Trust, Is Not Burned","24/07/20"
"Dynasty: Season 3: The Sensational Blake Carrington Trial","24/07/20"
"Dynasty: Season 3: Shoot from the Hip","24/07/20"
"The Big Bang Theory: Season 3: The Plimpton Stimulation","24/07/20"
"Dynasty: Season 3: A Used Up Memory","24/07/20"
"Dynasty: Season 3: Mother? I'm at La Mirage","23/07/20"
"The Big Bang Theory: Season 3: The Spaghetti Catalyst","23/07/20"
"The Big Bang Theory: Season 3: The Wheaton Recurrence","23/07/20"
"The Big Bang Theory: Season 3: The Pants Alternative","23/07/20"
"The Big Bang Theory: Season 3: The Precious Fragmentation","23/07/20"
"Dynasty: Season 3: Something Desperate","23/07/20"
"Dynasty: Season 3: Wild Ghost Chase","23/07/20"
"The Big Bang Theory: Season 3: The Excelsior Acquisition","23/07/20"
"The Big Bang Theory: Season 3: The Large Hadron Collision","23/07/20"
"Dynasty: Season 3: Caution Never Won a War","23/07/20"
"Dynasty: Season 3: Guilt Trip to Alaska","23/07/20"
"Dynasty: Season 2: Deception, Jealousy and Lies","23/07/20"
"Dynasty: Season 2: Thicker Than Money","22/07/20"
"Dynasty: Season 2: New Lady in Town","22/07/20"
"Dynasty: Season 2: This Illness of Mine","22/07/20"
"Dynasty: Season 2: Life Is a Masquerade Party","22/07/20"
"Dynasty: Season 2: How Two-Faced Can You Get?","22/07/20"
"The Big Bang Theory: Season 3: The Einstein Approximation","22/07/20"
"The Big Bang Theory: Season 3: The Bozeman Reaction","22/07/20"
"Dynasty: Season 2: Miserably Ungrateful Men","21/07/20"
"Dynasty: Season 2: Motherly Overprotectiveness","21/07/20"
"Dynasty: Season 2: Parisian Legend Has It…","21/07/20"
"The Big Bang Theory: Season 3: The Psychic Vortex","21/07/20"
"The Big Bang Theory: Season 3: The Maternal Congruence","21/07/20"
"Dynasty: Season 2: Even Worms Can Procreate","21/07/20"
"The Big Bang Theory: Season 3: The Gorilla Experiment","21/07/20"
"Dynasty: Season 2: Filthy Games","21/07/20"
"Dynasty: Season 2: The Sight of You","21/07/20"
"Dynasty: Season 2: A Champagne Mood","21/07/20"
"Dynasty: Season 2: Crazy Lady","21/07/20"
"Dynasty: Season 2: A Real Instinct for the Jugular","21/07/20"
"Dynasty: Season 2: A Temporary Infestation","21/07/20"
"Dynasty: Season 2: That Witch","21/07/20"
"Dynasty: Season 2: Queen of Cups","21/07/20"
"Dynasty: Season 2: Snowflakes in Hell","21/07/20"
"Dynasty: Season 2: The Butler Did It","21/07/20"
"Dynasty: Season 2: Ship of Vipers","21/07/20"
"Dynasty: Season 2: Twenty-Three Skidoo","21/07/20"
"Dynasty: Season 1: Dead Scratch","21/07/20"
"Dynasty: Season 1: Trashy Little Tramp","21/07/20"
"Dynasty: Season 1: A Line from the Past","21/07/20"
"Dynasty: Season 1: Use or Be Used","21/07/20"
"Dynasty: Season 1: Don’t Con a Con Artist","21/07/20"
"Dynasty: Season 1: Enter Alexis","21/07/20"
"Dynasty: Season 1: Poor Little Rich Girl","21/07/20"
"Dynasty: Season 1: Our Turn Now","21/07/20"
"Dynasty: Season 1: The Gospel According to Blake Carrington","21/07/20"
"Dynasty: Season 1: Nothing But Trouble","21/07/20"
"The Big Bang Theory: Season 3: The Vengeance Formulation","21/07/20"
"The Big Bang Theory: Season 3: The Adhesive Duck Deficiency","21/07/20"
"Dynasty: Season 1: Promises You Can’t Keep","21/07/20"
"Dynasty: Season 1: I Answer to No Man","21/07/20"
"Dynasty: Season 1: A Well Dressed Tarantula","21/07/20"
"Dynasty: Season 1: Rotten Things","21/07/20"
"Dynasty: Season 1: The Best Things in Life","21/07/20"
"Dynasty: Season 1: A Taste of Your Own Medicine","21/07/20"
"Dynasty: Season 1: I Only Exist for Me","21/07/20"
"Dynasty: Season 1: Company Slut","21/07/20"
"Dynasty: Season 1: Private as a Circus","21/07/20"
"Dynasty: Season 1: Guilt Is for Insecure People","21/07/20"
"Dynasty: Season 1: Spit It Out","21/07/20"
"The Big Bang Theory: Season 3: The Guitarist Amplification","21/07/20"
"The Big Bang Theory: Season 3: The Cornhusker Vortex","21/07/20"
"The Big Bang Theory: Season 3: The Creepy Candy Coating Corollary","21/07/20"
"The Big Bang Theory: Season 3: The Pirate Solution","21/07/20"
"The Big Bang Theory: Season 3: The Gothowitz Deviation","21/07/20"
"The Big Bang Theory: Season 3: The Jiminy Conjecture","21/07/20"
"The Big Bang Theory: Season 3: The Electric Can Opener Fluctuation","21/07/20"
"The Big Bang Theory: Season 2: The Monopolar Expedition","21/07/20"
"The Big Bang Theory: Season 2: The Classified Materials Turbulence","21/07/20"
"The Big Bang Theory: Season 2: The Vegas Renormalization","21/07/20"
"The Big Bang Theory: Season 2: The Hofstadter Isotope","21/07/20"
"The Big Bang Theory: Season 2: The Work Song Nanocluster","21/07/20"
"The Big Bang Theory: Season 2: The Terminator Decoupling","21/07/20"
"The Big Bang Theory: Season 2: The Cushion Saturation","21/07/20"
"The Big Bang Theory: Season 2: The Maternal Capacitance","21/07/20"
"The Big Bang Theory: Season 2: The Financial Permeability","21/07/20"
"The Big Bang Theory: Season 2: The Friendship Algorithm","21/07/20"
"The Big Bang Theory: Season 2: The Killer Robot Instability","21/07/20"
"The Big Bang Theory: Season 2: The Bath Item Gift Hypothesis","21/07/20"
"The Big Bang Theory: Season 2: The Vartabedian Conundrum","21/07/20"
"The Big Bang Theory: Season 2: The White Asparagus Triangulation","21/07/20"
"The Big Bang Theory: Season 2: The Lizard-Spock Expansion","21/07/20"
"The Big Bang Theory: Season 2: The Panty Piñata Polarization","21/07/20"
"The Big Bang Theory: Season 2: The Cooper-Nowitzki Theorem","21/07/20"
"The Big Bang Theory: Season 2: The Euclid Alternative","21/07/20"
"The Big Bang Theory: Season 2: The Griffin Equivalency","21/07/20"
"The Big Bang Theory: Season 2: The Barbarian Sublimation","21/07/20"
"The Big Bang Theory: Season 2: The Codpiece Topology","21/07/20"
"The Big Bang Theory: Season 2: The Bad Fish Paradigm","21/07/20"
"The Big Bang Theory: Season 1: The Tangerine Factor","21/07/20"
"The Big Bang Theory: Season 1: The Peanut Reaction","21/07/20"
"The Big Bang Theory: Season 1: The Pork Chop Indeterminacy","21/07/20"
"The Big Bang Theory: Season 1: The Nerdvana Annihilation","21/07/20"
"The Big Bang Theory: Season 1: The Bat Jar Conjecture","21/07/20"
"The Big Bang Theory: Season 1: The Jerusalem Duality","21/07/20"
"The Big Bang Theory: Season 1: The Pancake Batter Anomaly","21/07/20"
"The Big Bang Theory: Season 1: The Loobenfeld Decay","21/07/20"
"The Big Bang Theory: Season 1: The Cooper-Hofstadter Polarization","21/07/20"
"The Big Bang Theory: Season 1: The Dumpling Paradox","21/07/20"
"The Big Bang Theory: Season 1: The Middle Earth Paradigm","21/07/20"
"The Big Bang Theory: Season 1: Pilot","21/07/20"
"The Big Bang Theory: Season 1: The Hamburger Postulate","21/07/20"
"The Big Bang Theory: Season 1: The Luminous Fish Effect","21/07/20"
"The Big Bang Theory: Season 1: The Fuzzy Boots Corollary","21/07/20"
"The Big Bang Theory: Season 1: The Big Bran Hypothesis","21/07/20"
